-- phpMyAdmin SQL Dump
-- version 4.4.10
-- http://www.phpmyadmin.net
--
-- Host: localhost:3306
-- Generation Time: Jul 27, 2016 at 04:26 AM
-- Server version: 5.5.42
-- PHP Version: 5.6.10

SET SQL_MODE = "NO_AUTO_VALUE_ON_ZERO";
SET time_zone = "+00:00";


/*!40101 SET @OLD_CHARACTER_SET_CLIENT=@@CHARACTER_SET_CLIENT */;
/*!40101 SET @OLD_CHARACTER_SET_RESULTS=@@CHARACTER_SET_RESULTS */;
/*!40101 SET @OLD_COLLATION_CONNECTION=@@COLLATION_CONNECTION */;
/*!40101 SET NAMES utf8mb4 */;

--
-- Database: `graemet`
--

-- --------------------------------------------------------

--
-- Table structure for table `artists_tbl`
--

CREATE TABLE `artists_tbl` (
  `id` int(11) NOT NULL,
  `artist` varchar(99) COLLATE latin1_general_ci NOT NULL,
  `visible` tinyint(1) NOT NULL
) ENGINE=MyISAM AUTO_INCREMENT=20 DEFAULT CHARSET=latin1 COLLATE=latin1_general_ci;

--
-- Dumping data for table `artists_tbl`
--

INSERT INTO `artists_tbl` (`id`, `artist`, `visible`) VALUES
(1, 'Queens Of The Stone Age', 1),
(2, 'Blue Oyster Cult', 0),
(3, 'Mr Bungle', 1),
(4, 'The Pixies', 1),
(5, 'The Smiths', 1),
(6, 'Radiohead', 1),
(7, 'Arctic Monkeys', 1),
(8, '311', 1),
(9, 'Modest Mouse', 1),
(12, 'Yeah Yeah Yeahs', 1),
(13, 'Eagles Of Death Metal', 1),
(14, 'David Bowie', 1),
(15, 'Bob Marley', 1),
(16, 'Chris Isaak', 0),
(17, 'Red Hot Chili Peppers', 1),
(18, 'Bloc Party', 1),
(19, 'Stereophonics', 1);

-- --------------------------------------------------------

--
-- Table structure for table `art_tbl`
--

CREATE TABLE `art_tbl` (
  `id` int(11) NOT NULL,
  `memId` int(9) NOT NULL,
  `class` varchar(9) COLLATE latin1_general_ci NOT NULL,
  `folder` varchar(99) COLLATE latin1_general_ci NOT NULL,
  `title` varchar(99) COLLATE latin1_general_ci NOT NULL,
  `file` varchar(99) COLLATE latin1_general_ci NOT NULL,
  `type` varchar(99) COLLATE latin1_general_ci NOT NULL,
  `size` varchar(33) COLLATE latin1_general_ci NOT NULL,
  `comment` varchar(255) COLLATE latin1_general_ci NOT NULL,
  `visible` tinyint(1) NOT NULL DEFAULT '1',
  `timestamp` timestamp NOT NULL DEFAULT CURRENT_TIMESTAMP ON UPDATE CURRENT_TIMESTAMP
) ENGINE=MyISAM AUTO_INCREMENT=89 DEFAULT CHARSET=latin1 COLLATE=latin1_general_ci;

--
-- Dumping data for table `art_tbl`
--

INSERT INTO `art_tbl` (`id`, `memId`, `class`, `folder`, `title`, `file`, `type`, `size`, `comment`, `visible`, `timestamp`) VALUES
(34, 6, 'script', 'Some Things To Ponder', 'Funny Stuff 1', 'funny.txt', 'text/plain', '465', '', 1, '2008-02-10 22:32:03'),
(35, 6, 'script', 'Some Things To Ponder', 'Funny Stuff 2', 'funny2.txt', 'text/plain', '575', '', 1, '2008-02-10 22:34:01'),
(36, 6, 'script', 'Some Things To Ponder', 'Funny Stuff 3', 'funny3.txt', 'text/plain', '624', '', 1, '2008-02-10 22:34:22'),
(52, 13, 'image', 'Photo Art', 'I\\''m Watching  You', 'eye.jpg', 'image/jpeg', '74324', 'Image created by snapping dirty washing water spiralling down a drain and giving it the Photoshop treatment', 1, '2008-02-27 02:16:16'),
(62, 6, 'movie', 'What The', 'Disarray', 'spinningBinMX.swf', 'application/x-shockwave-flash', '352182', 'A comment on western society created with flash and photoshop', 1, '2008-02-27 03:15:23'),
(77, 13, 'script', 'Lyrics', 'The Oneironauts', 'oneironauts.txt', 'text/plain', '431', '', 1, '2008-03-03 22:31:07'),
(78, 27, 'script', 'Poems', 'Paw Of The Sphinx', 'paw.txt', 'text/plain', '99', '', 0, '2008-03-09 11:14:49'),
(73, 6, 'audio', 'Sample Music', 'Sample Music (Fantomas)', '21 Page 21 [11 Frames].mp3', 'audio/mpeg', '618496', 'testing the media player', 1, '2008-03-03 20:58:37'),
(71, 13, 'script', 'Guitar Tabs', 'Slippery Slinky Song', 'slinky.txt', 'text/plain', '2518', 'Original song by Rex Monday, no lyrics yet', 1, '2008-02-29 06:35:34'),
(81, 27, 'image', 'Nebulae', 'Dumbbell', 'DumbbellNebulaVLT.jpg', 'image/jpeg', '20502', '', 1, '2008-04-28 03:52:14'),
(82, 27, 'image', 'Nebulae', 'Helix', 'helix_nebula.jpg', 'image/jpeg', '62967', '', 1, '2008-04-28 03:52:41'),
(83, 27, 'image', 'Nebulae', 'Rosette', 'rosette_nebula_s.jpg', 'image/jpeg', '99798', '', 1, '2008-04-28 03:53:00'),
(84, 6, 'movie', 'Sample Stuff', 'Flash Movie', 'portfolio.swf', 'application/x-shockwave-flash', '68867', 'Sample Flash file from old portfolio', 1, '2008-04-28 04:00:26'),
(85, 6, 'movie', 'Sample Stuff', 'Flash Movie 2', 'spinningBinMX.swf', 'application/x-shockwave-flash', '352182', '', 1, '2008-04-28 04:01:19'),
(86, 6, 'audio', 'Sample Stuff', 'Sample Music File', 'Weird Little Boy - Waiting.mp3', 'audio/mpeg', '1701166', '', 1, '2008-04-28 04:03:49'),
(87, 6, 'movie', 'Sample Stuff', 'Sample Flash Game', 'slyderMX.swf', 'application/x-shockwave-flash', '1301643', '', 1, '2008-04-28 04:12:45'),
(88, 33, 'movie', 'Stuff', 'Game', 'gameF8.swf', 'application/x-shockwave-flash', '7587', '', 0, '2008-05-13 23:33:13');

-- --------------------------------------------------------

--
-- Table structure for table `lastlogged_tbl`
--

CREATE TABLE `lastlogged_tbl` (
  `id` int(11) NOT NULL,
  `user` varchar(99) COLLATE latin1_general_ci NOT NULL,
  `timestamp` timestamp NULL DEFAULT CURRENT_TIMESTAMP ON UPDATE CURRENT_TIMESTAMP
) ENGINE=MyISAM AUTO_INCREMENT=19 DEFAULT CHARSET=latin1 COLLATE=latin1_general_ci;

--
-- Dumping data for table `lastlogged_tbl`
--

INSERT INTO `lastlogged_tbl` (`id`, `user`, `timestamp`) VALUES
(4, 'Rex Monday', '2008-03-18 19:29:28'),
(8, 'Maz', '2007-12-22 19:50:56'),
(10, 'kat', '2008-03-01 07:39:21'),
(13, 'EggZenTrick', '2008-05-07 23:39:59'),
(14, 'G-Dawg', '2008-05-07 23:38:13'),
(15, 'ThornberryPie', '2008-03-18 02:49:35'),
(17, 'Nick Chip', '2008-05-13 23:58:11'),
(18, 'Kev', '2008-05-14 13:35:57');

-- --------------------------------------------------------

--
-- Table structure for table `members_tbl`
--

CREATE TABLE `members_tbl` (
  `id` int(11) NOT NULL,
  `email` varchar(33) COLLATE latin1_general_ci NOT NULL,
  `username` varchar(33) COLLATE latin1_general_ci NOT NULL,
  `password` varchar(33) COLLATE latin1_general_ci NOT NULL,
  `questionId` int(11) NOT NULL,
  `answer` varchar(255) COLLATE latin1_general_ci NOT NULL,
  `whenJoined` datetime NOT NULL
) ENGINE=MyISAM AUTO_INCREMENT=35 DEFAULT CHARSET=latin1 COLLATE=latin1_general_ci;

--
-- Dumping data for table `members_tbl`
--

INSERT INTO `members_tbl` (`id`, `email`, `username`, `password`, `questionId`, `answer`, `whenJoined`) VALUES
(6, 'thornber_graeme@hotmail.com', 'G-Dawg', 'f18d6066f5c052cf6e62a6f5306861d5', 1, '358d82f6b3c5ee8fb0d237a3565206c7', '2008-03-18 14:46:34'),
(2, 'katsomersnz@hotmail.com', 'kat', 'ec239fa8d419f6ee5868d0de020f03a7', 4, 'c458d397f9d289f2e4aaa14db438c03d', '0000-00-00 00:00:00'),
(3, 'bigmaz@gmail.com', 'Maz', '460b12857327f19ecd9844df71036d74', 4, '0bdc508a17811a3a860d32749ad44e4b', '0000-00-00 00:00:00'),
(4, 'dtplayhouse@yahoo.co.uk', '', '', 0, '', '0000-00-00 00:00:00'),
(29, 'tonie.pohatu@gmail.com', '', '', 0, '', '0000-00-00 00:00:00'),
(1, 'thornberrypie@gmail.com', 'ThornberryPie', 'f18d6066f5c052cf6e62a6f5306861d5', 2, '6fa95b1427af77b3d769ae9cb853382f', '2008-03-18 15:49:32'),
(7, 'norb@y23.com', '', '', 0, '', '0000-00-00 00:00:00'),
(8, 'jimi_ontheroad@hotmail.com', '', '', 0, '', '0000-00-00 00:00:00'),
(9, 'claireypoppins@hotmail.com', '', '', 0, '', '0000-00-00 00:00:00'),
(10, 'domin8rex@hotmail.com', '', '', 0, '', '0000-00-00 00:00:00'),
(11, 'storm.jarvie@gmail.com', '', '', 0, '', '0000-00-00 00:00:00'),
(12, 'stephen@sitevision.co.nz', '', '', 0, '', '2008-03-03 10:48:34'),
(13, 'graeme@sitevision.co.nz', 'Rex Monday', 'f18d6066f5c052cf6e62a6f5306861d5', 1, '358d82f6b3c5ee8fb0d237a3565206c7', '0000-00-00 00:00:00'),
(27, 'gdthornber@gmail.com', 'EggZenTrick', 'f18d6066f5c052cf6e62a6f5306861d5', 4, '08b06b7884643df913d05a487b95b415', '2008-03-08 02:07:54'),
(33, 'gthornber@gmail.com', 'Nick Chip', 'f18d6066f5c052cf6e62a6f5306861d5', 2, '6fa95b1427af77b3d769ae9cb853382f', '2008-05-14 11:30:58'),
(34, 'kevin.webb@nottingham.ac.uk', 'Kev', '1dd1eb47781e875e173a740520f87787', 3, '1dd1eb47781e875e173a740520f87787', '2008-05-15 01:35:39');

-- --------------------------------------------------------

--
-- Table structure for table `newmember_tbl`
--

CREATE TABLE `newmember_tbl` (
  `id` int(11) NOT NULL,
  `loginkey` varchar(32) NOT NULL,
  `email` varchar(99) NOT NULL,
  `invitedby` varchar(99) NOT NULL,
  `timestamp` timestamp NOT NULL DEFAULT CURRENT_TIMESTAMP ON UPDATE CURRENT_TIMESTAMP
) ENGINE=MyISAM AUTO_INCREMENT=5 DEFAULT CHARSET=latin1;

--
-- Dumping data for table `newmember_tbl`
--

INSERT INTO `newmember_tbl` (`id`, `loginkey`, `email`, `invitedby`, `timestamp`) VALUES
(1, '02cdda9228112f15f51bdbe64ca2c339', 'thornber_graeme@hotmail.com', 'graeme@sitevision.co.nz', '2008-03-17 21:21:23'),
(2, 'd52134e774c15126f8da4e1e0f18be9f', 'thornber_graeme@hippos.com', 'graeme@sitevision.co.nz', '2008-03-17 21:21:42'),
(3, '924b50314577bfd0ed9f9bf197f1c70c', 'thornberrypie@gmail.com', 'graeme@sitevision.co.nz', '2008-03-18 02:45:24'),
(4, 'fd9553c889eac672121d6aa9ed9f9f73', 'phil@sitevision.co.nz', 'gthornber@gmail.com', '2008-05-13 23:35:53');

-- --------------------------------------------------------

--
-- Table structure for table `questions_tbl`
--

CREATE TABLE `questions_tbl` (
  `id` int(11) NOT NULL,
  `question` varchar(255) COLLATE latin1_general_ci NOT NULL
) ENGINE=MyISAM AUTO_INCREMENT=6 DEFAULT CHARSET=latin1 COLLATE=latin1_general_ci;

--
-- Dumping data for table `questions_tbl`
--

INSERT INTO `questions_tbl` (`id`, `question`) VALUES
(1, 'Mother''s maiden name'),
(2, 'Father''s middle name'),
(3, 'First pet'),
(4, 'First street');

-- --------------------------------------------------------

--
-- Table structure for table `songs_tbl`
--

CREATE TABLE `songs_tbl` (
  `id` int(11) NOT NULL,
  `artistId` int(3) DEFAULT NULL,
  `title` varchar(99) COLLATE latin1_general_ci DEFAULT NULL,
  `lyric` longtext COLLATE latin1_general_ci,
  `tab` longtext COLLATE latin1_general_ci,
  `visible` tinyint(1) NOT NULL
) ENGINE=MyISAM AUTO_INCREMENT=65 DEFAULT CHARSET=latin1 COLLATE=latin1_general_ci;

--
-- Dumping data for table `songs_tbl`
--

INSERT INTO `songs_tbl` (`id`, `artistId`, `title`, `lyric`, `tab`, `visible`) VALUES
(22, 5, 'Heaven Knows I\\''m Miserable Now', 'I was happy in the haze of a drunken hour\r\nbut heaven knows I\\''m miserable now\r\nI was looking for a job, and then I found a job\r\nand heaven knows I\\''m miserable now\r\n\r\nIn my life\r\nwhy do I give valuable time\r\nto people who don\\''t care if I live or die\r\n\r\nTwo lovers entwined pass me by\r\nand heaven knows I\\''m miserable now\r\nI was looking for a job, and then I found a job\r\nand heaven knows I\\''m miserable now\r\n\r\nIn my life\r\nwhy do I give valuable time\r\nto people who don\\''t care if I live or die\r\nWhat she asked of me at the end of the day\r\n\r\nCaligula would have blushed\r\n\\"You\\''ve been the house too long\\" she said\r\nand I naturally fled\r\n\r\nIn my life\r\nwhy do I smile\r\nat people who I\\''d much rather kick in the eye\r\n\r\nI was happy in the haze of a drunken hour\r\nbut heaven knows I\\''m miserable now\r\n\\"You\\''ve been the house too long\\" she said\r\nand I naturally fled\r\n\r\nIn my life\r\nwhy do I give valuable time\r\nto people who don\\''t care if I live or die', 'f#----7-------3-----2-----0------------------------------------------\r\nc#----9-------5-----3-----2------------------------------------------\r\n a----8-------4-----4-----2------------------------------------------\r\n e----9-------5-----4-----2------------------------------------------\r\n b------------------------0------------------------------------------\r\nf#-------------------------------------------------------------------\r\n\r\nf#-------------------------------------------------------------------\r\nc#--5-0------7-0-----------------------------------------------------\r\n a--6-6------8-8-----------------------------------------------------\r\n e--7-7------9-9-----------------------------------------------------\r\n b-------------------------------------------------------------------\r\nf#-------------------------------------------------------------------\r\n\r\nf#-7--------7--------7----9-------9----------------------------------\r\nc#-9--------9-----------9-9-------9----------------------------------\r\n a-8--------8-------------9-------9----------------------------------\r\n e-9--------9-------------11------11---------------------------------\r\n b-------------------------------------------------------------------\r\nf#-------------------------------------------------------------------\r\n\r\nf#-----5----------------5---------------5----7-----------------------\r\nc#-----7----------------7---------------5----7-----------------------\r\n a-----6----------------6---------------6----8-----------------------\r\n e-----7----------------7---------------7----9-----------------------\r\n b-------------------------------------------------------------------\r\nf#-------------------------------------------------------------------\r\n\r\n 	F#maj7	D#m\r\nf#-------7-----------7----------------9------------------------------\r\nc#-------9-----------9----------------9------------------------------\r\n a-------8-----------8----------------9------------------------------\r\n e-------9-----------9----------------11-----------------------------\r\n b-------------------------------------------------------------------\r\nf#-------------------------------------------------------------------\r\n\r\nf#-----5----------------0-------------0-0-0--------------------------\r\nc#-----7----------------2-------------0-0-0--------------------------\r\n a-----6----------------2--------------------------------------------\r\n e-----7----------------2--------------------------------------------\r\n b----------------------0--------------------------------------------\r\nf#-------------------------------------------------------------------\r\n\r\n 	F#maj7	B	C	F#maj7\r\nf#-7--7--------5---7-------------7-----------------------------------\r\nc#-9--9--------5---7----9--------9------------------6-6-6-6-6-3-...--\r\n a-8--8--------6---8----8--------8------------------6-6-6-6-6-4-...--\r\n e-9--9--------7---9----9--------------------------------------------\r\n b-------------------------------------------------------------------\r\nf#-------------------------------------------------------------------\r\n\r\nD#m\r\nf#----4------------------------9-------------------------------------\r\nc#----5------------------------9-------------------------------------\r\n a----6------------------------9------------6--8-6-4-----------------\r\n e----6------------------------11-----------7--9-7-6-----------------\r\n b-------------------------------------------------------------------\r\nf#-------------------------------------------------------------------\r\n\r\nf#--3-4-2-0-4-2-0-4--7--14-14s15-16-11-------------------------------\r\nc#--4-4-3-2-4-3-2-4--9--14-------15-13-------------------------------\r\n a----------------4--9--14-------16-12-------------------------------\r\n e-------------------9-----------------------------------------------\r\n b-------------------------------------------------------------------\r\nf#-------------------------------------------------------------------\r\n\r\n', 1),
(21, 7, 'Fake Tales Of San Francisco', 'Fake Tales of San Francisco\r\nEcho through the room\r\nMore point to a wedding disco\r\nWithout a bride or groom\r\nThere\\''s a super cool band yeah\r\nWith their trilbys and their glasses of white wine\r\nAnd all the weekend rockstars are in the toilets\r\nPracticing their lines\r\n\r\nI don\\''t want to hear you\r\n(Kick me out, kick me out)\r\nI don\\''t want to hear, you know\r\n(Kick me out, kick me out)\r\nI don\\''t want to hear you\r\n(Kick me out, kick me out)\r\nI don\\''t want to hear you\r\nI don\\''t want to hear your\r\n\r\nFake Tales of San Francisco\r\nEcho through the air\r\nAnd there\\''s a few bored faces at the back\r\nAll wishing they weren\\''t there\r\n\r\nAnd as the microphone squeaks\r\nA young girl\\''s telephone beeps\r\nYeah she\\''s dashing for the exit\r\nOh she\\''s running to the streets outside\r\n\\"Oh you\\''ve saved me,\\" she screams down the line\r\n\\"The band were fucking wank\r\nAnd I\\''m not having a nice time\\"\r\n\r\nI don\\''t want to hear you\r\n(Kick me out, kick me out)\r\nI don\\''t want to hear, you know\r\n(Kick me out, kick me out)\r\n\r\nYeah but his bird said it\\''s amazing, though\r\nSo all that\\''s left\r\nIs the proof that love\\''s not only blind but deaf\r\n\r\nHe talks of San Francisco, he\\''s from Hunter\\''s Bar\r\nI don\\''t quite know the distance\r\nBut I\\''m sure that\\''s far\r\nYeah I\\''m sure it\\''s pretty far\r\n\r\nAnd yeah, I\\''d love to tell you all my problem\r\nYou\\''re not from New York City, you\\''re from Rotherham\r\nSo get off the bandwagon, and put down the handbook\r\nYeah, yeah, yeah, yeah, yeah\r\n\r\nGet off the bandwagon and put down the handbook\r\nGet off the bandwagon and put down the handbook\r\nGet off the bandwagon and put down the handbook\r\nGet off the bandwagon and put down the handbook\r\nYeah', 'e|-----------------------------------------------------------------------|\r\nB|-----------------------------------------------------------------------|\r\nG|--------------------------------------------------------------2--------|\r\nD|-----0-----0-2p0-----0-----0-2p0-----0-----0-2p0-----0-2--2/4----2-0---|\r\nA|--2-----2---------2-----2---------2-----2---------2--------------------|\r\nE|-----------------------------------------------------------------------|\r\n\r\ne|---7---7----5------7---7----5------7---7----5------7---7----5----------|\r\nB|---7---7----5------7---7----5------7---7----5------7---7----5----------|\r\nG|-----------------------------------------------------------------------|\r\nD|-----------------------------------------------------------------------|\r\nA|-----------------------------------------------------------------------|\r\nE|-----------------------------------------------------------------------|\r\n\r\ne|-------------------------------------------------------------------|\r\nB|-------------------------------------------------------------------|\r\nG|--------------------------------9999999999999999-------------------|\r\nD|999999999999999955555555555555559999999999999999999999999999-------|\r\nA|999999999999999955555555555555557777777777777777999999999999-5-6-7-|\r\nE|77777777777777773333333333333333----------------777777777777-------|\r\n\r\nOutro\r\n\r\ne|---7---7----5------7---7----5------7---7----5------7---7----5-----7---|E\r\nB|---7---7----5------7---7----5------7---7----5------7---7----5-----7---|N\r\nG|----------------------------------------------------------------------|D\r\nD|----------------------------------------------------------------------|E\r\nA|----------------------------------------------------------------------|N\r\nE|----------------------------------------------------------------------|D', 1),
(20, 3, 'Squeeze Me Macaroni', 'I wanna lock Betty Crocker in the kitchen\r\nAnd knock her upper during supper\r\nClutter up her butter gutter\r\nHostess Ding Dong wrapped an eggroll around my wong\r\nWhile Dolly Madison proceded to ping my pong\r\nYour Milky Way is M\\''n\\''M in your britches\r\nAnd I\\''ll tell you Baby Ruth it looks mighty delicious\r\nKeep blowing my gum, cuz here I come\r\nI\\''m gonna get you all sticky with my Bubble Yum\r\n\r\nKnick knack paddywhack and give your dog a bone, baby\r\n\r\nI was givin\\'' some head to some french bread\r\nIt was a four course orgy on the spread of my bed\r\nFrench kissin\\'' french fries in my Fruit of the Looms\r\nI get deeper penetration with a fork and a spoon\r\n\r\nI got yogurt meat loaf smeared all over my ass\r\nI stick my weiner in two buns and and then give it the gas\r\nSour cream from my spleen into Levi jeans\r\nGonna bust the seams with my refried beans\r\n\r\nRonald McDonald just loves to be fondled\r\nWith Big Mac he\\''ll fuck it like a Chicken McNugget\r\nColonel Sanders wants to goose Granny\\''s loose caboose\r\nHe\\''s gonna give her a boost with that Kentucky fried juice\r\nSooper doop poop scoop, loop de loop, chicken coop\r\nShoot some hoop, top sirloin from the groin\r\nTopped with dick cheese, sneeze, wheeze,\r\nFrom the skeez disease, wooi!\r\n\r\nTake a dump, baby, squirt some gravy\r\nPour some sugar on me, honey, make it brown & runny\r\nGive a little Flavor Flav, back from the grave\r\nGonna burn some toast, pump some humpin\\'' rump roast\r\n\r\nKnick knack paddywhack, jump in the sack, in fact\r\nJerk the smack and crack Jack from the back\r\nBananarama or ramabanana\r\nFuckin\\'' Barry Manilow on the Copa Cabana\r\n\r\nSqueeze me macaroni, slop your face with my bologna\r\n\r\nYou gotta syphon the spinach, you gotta cream the corn\r\nSperm scrambles the eggs and a meal is born\r\nCookin\\'' like a beginner, but I\\''m goin\\'' up in her\r\nI had Fritos for lunch I\\''m havin\\'' bush for dinner\r\nChef Boyardee and the Three Muskateers\r\nShove Charleston Chews in their rears like queers\r\n\\"Holy moly, guacamole!\\" said my Chips Ahoy\r\nI\\''m gonna pinch a ravioli on the Pillsbury dough boy\r\n\r\nKnick knack paddywhack and give your dog a boner, baby\r\n\r\nWe came to pottie...we came to pottie down your throat', 'I-4---x-x-x-x-7/8-x-x-x-x---------I     \r\nI-4---x-x-x-x-7/8-x-x-x-x-6---4---I     \r\nI-------------------------6---4---I     \r\nI---------------------------------I     \r\nI---------------------------------I     \r\nI---------------------------------I     \r\n                                       \r\nI-10--x-x-x-x-13/14-x-x-x-x---------I   \r\nI-10--x-x-x-x-13/14-x-x-x-x-12--10--I   \r\nI---------------------------12--10--I   \r\nI-----------------------------------I   \r\nI-----------------------------------I   \r\nI-----------------------------------I   \r\n\r\nI-4---x-4---x-7/8-x-x-x-x---------I\r\nI-4---x-4---x-7/8-x-x-x-x-6---4---I\r\nI-------------------------6---4---I\r\nI---------------------------------I\r\nI---------------------------------I\r\nI---------------------------------I\r\n\r\nI-10--x-10--x-13/14-x-x-x-x---------I\r\nI-10--x-10--x-13/14-x-x-x-x-12--10--I\r\nI---------------------------12--10--I\r\nI-----------------------------------I\r\nI-----------------------------------I\r\nI-----------------------------------I\r\n\r\nI-----4---7/8-x-x-4---x-----------I\r\nI-----4---7/8-x-x-4---x-4-----4---I\r\nI-----------------------4-----4---I\r\nI---------------------------------I\r\nI---------------------------------I\r\nI---------------------------------I\r\n\r\nI-----10--13/14-x-x-10--x-----------I\r\nI-----10--13/14-x-x-10--x-12----10--I\r\nI-------------------------12----10--I\r\nI-----------------------------------I\r\nI-----------------------------------I\r\nI-----------------------------------I\r\n\r\nI---------------------------------I-16------13----------------------I\r\nI-----6---6-6-x-x-6---x-6---x-6---I-16------13----------------------I\r\nI-----8---8-8-x-x-8---x-8---x-8---I---------------------------------I\r\nI-----7---7-7-x-x-7---x-7---x-7---I-----------------13--14--15------I\r\nI-----8---8-8-----8-----8-----8---I---------------------------------I\r\nI---------------------------------I---------------------------------I\r\n\r\nI---------------------------------I-----11--11--11------8---8---8---I\r\nI-----6---6-6-x-x-6---x-6---x-6---I-----11--11--11------9---9---9---I\r\nI-----8---8-8-x-x-8---x-8---x-8---I-----10--10--10------8---8---8---I\r\nI-----7---7-7-x-x-7---x-7---x-7---I---------------------------------I\r\nI-----8---8-8-----8-----8-----8---I---------------------------------I\r\nI---------------------------------I---------------------------------I\r\n                                                   2nd guitar (w/wah)\r\n\r\nI---------------------------------I-16------13-------------(8)------I\r\nI-----6---6-6-x-x-6---x-6---x-6---I-16------13-------------(9)------I\r\nI-----8---8-8-x-x-8---x-8---x-8---I--------------------(10)----(10)-I\r\nI-----7---7-7-x-x-7---x-7---x-7---I-----------------13--14--15------I\r\nI-----8---8-8-----8-----8-----8---I---------------------------------I\r\nI---------------------------------I---------------------------------I\r\n\r\nI(11)----(10)----(8)--------------I-----11--11--11------8---8---8---I\r\nI(13)----(11)----(9)b/------------I-----11--11--11------9---9---9---I\r\nI----------------------(10)-------I-----10--10--10------8---8---8---I\r\nI---------------------------------I---------------------------------I\r\nI---------------------------------I---------------------------------I\r\nI-1st-guitar-simile---------------I---------------------------------I\r\n\r\n  2nd guitar (w/wah)               keyboards\r\nI-10------------------------------I---I---I---I-------------------------\r\nI-9-------------------------------I-6-I-5-I-4-I-1-----------------------\r\nI-8-------------------------------I-3-I-2-I-1-I-3-----------------------\r\nI-7-------------------------------I---I---I---I---------bass------------\r\nI---------------------------------I---I---I---I---------1--1----1--2--3-\r\nI---------------------------------I---I---I---I--------------3----------\r\n\r\nI---------------------------------I\r\nI---------------------------------I\r\nI---------------------------------I\r\nI---------3/4---------------------I\r\nI-5---5-5-1/2---------------------I\r\nI-3---3-3-----------------------0-I\r\n PM.......                     ...\r\n                                   1.& 3.---\r\nI---------6-------6-6-6-6---6-----I---------7-------7-7-7-7---7-----I\r\nI---------5-------5-5-5-5---5-----I---------6-------6-6-6-6---6-----I\r\nI---------------------------------I---------------------------------I\r\nI---------------------------------I---------------------------------I\r\nI---------------------------------I---------------------------------I\r\nI---------------------------------I---------------------------------I\r\n 2.---\r\nI---------7-----------------------I\r\nI---------6-----------------------I\r\nI---------------------------------I\r\nI-----------------9-----8-----6---I\r\nI-----------------7-----6-----4---I\r\nI---------------------------------I\r\n4.---\r\nI---------7-----------------------I-----------------I\r\nI---------6-----------------------I-----------------I\r\nI---------------------------------I-----------------I\r\nI-----------------9-----8-----6---I-9-----8-----6---I\r\nI-----------------7-----6-----4---I-7-----6-----4---I\r\nI---------------------------------I-----------------I\r\n\r\nRepeat previous parts\r\n\r\nhalf tempo\r\nI---------------------------------I-----------------I\r\nI---------------------------------I-----------------I\r\nI---------------------------------I-------------3-4-I\r\nI-----------------------------4-6-I---------4-6-1-2-I\r\nI-5-----------------5-5-5-3-5-2-4-I---3-5-5-2-4-----I\r\nI-3-----------------3-3-3-1-3-----I---1-3-3---------I\r\n                    PM.......... \r\nI---------------------------------I\r\nI---------------------------------I\r\nI---------------------------------I\r\nI-----------------9-9-9-8---6-----I\r\nI-5---------------7-7-7-6---4-----I\r\nI-3-------------------------------I\r\n\r\nA tempo\r\n  let ring..........................................\r\nI---------3---------------3-------I---------3-----------------------I\r\nI---6/76---6---------------6-----I---6/76---6-----------------------I\r\nI---3/43-----3-------3-------3---I---3/43-----3---------------0-----I\r\nI---------------5---5---5-------5-I---------------5-------------1---I\r\nI---------------------------------I-----------------3-3---1-3-------I\r\nI-ad-lib...-----------------------I---------------------------------I\r\n\r\n4 bars of bass\r\nI---I---I---I----------------------------------I\r\nI---I---I---I---------5/11-11--x-x-11--x-x-11--I\r\nI---I---I---I---------3/9--9---x-x-9---x-x-9---I\r\nI---I---I---I----------------------------------I\r\nI-5-I-4-I-3-I----------------------------------I\r\nI-3-I-2-I-1-I-0---0----------------------------I\r\n              PM....\r\nI---------------------------------I---------------------------------I\r\nI---------------------------------I---------------------------------I\r\nI---------------------------------I---------------------------------I\r\nI---------------6---5---4-----3---I---------------6---5---4-----3---I\r\nI---------3/4---------------x-----I---------3/4---------------x-----I\r\nI-3---3---------------------------I-3---3---------------------------I\r\n\r\n1.---\r\nI---------------------------------I---------------------------------I\r\nI---------------------------------I---------x-x-11--x-x-11--x-x-11--I\r\nI-------------------5---5---------I---------x-x-9---x-x-9---x-x-9---I\r\nI-----------4---4-----------------I---------------------------------I\r\nI---------------------------x-3---I---------------------------------I\r\nI-2---2---------------------------I-0---0---------------------------I\r\n\r\n2.---\r\nI-5-----5-------------------------I---------------------------------I\r\nI---4-------4---------------------I-------------------------0-------I\r\nI---------------3---4-5-0---------I-5-6-0-----6-7-0---------0-------I\r\nI-------------------------2-------I-------3---------4-------6-------I\r\nI---------------------------------I---------------------------------I\r\nI---------------------------------I---------------------------------I', 1),
(19, 3, 'Carousel', 'A carnival for the human race\r\nCotton candy, happy face\r\nA child talking with his mouth full\r\nGirlfriend gets stuffed animal\r\n\r\nA festive mood is all around\r\nAnother world is what we\\''ve found\r\nStep right up, let\\''s make a deal\r\nRide the ferris wheel\r\n\r\nYou know there\\''s something lurking underneath the shape\r\nWith a mask over it\\''s head and makeup on his face\r\nWill Warner Brothers put our record on the shelf?\r\nTake a look in the mirror and see the clown in yourself\r\n\r\nSpinning\r\nGrinning\r\nBelieving\r\nDeceiving\r\nWhirling\r\nTwirling\r\nConfusing\r\nAmusing\r\nDiscovery\r\nRecovery\r\nInherency\r\nTransparency\r\nFusion\r\nConclusion\r\nReality\r\nFatality\r\n\r\nIf you want to know what\\''s behind the show\r\nYou ride my carousel and enter life\\''s jail cell\r\nLove and blood begin to meld, you\\''ve lost the self that you once held\r\nMerry go round your head - awake, asleep, alive, or dead.\r\n\r\nThe clown that painted a smile on you\r\nIs now the one unmasking you\r\nAnimated scenes unwind\r\nDormant figures come to life\r\n\r\nEntangled in your own web\r\nA twisted tunnel overhead\r\nA glimpse of light, a drop of dew\r\nYou slide into the swimming pool\r\n\r\nA roller coaster ride into the rivers of your mind\r\nThe currents merge, your feelings surge, your life\\''s a pantomime\r\nBeauty is the spiral going round & round the beast\r\nWithout the vampire effect the carnival is deceased\r\n\r\nFun.\r\n\r\nRoly Poly\r\nTopsy turvy\r\nHang upside down\r\nFall to the ground\r\nI think I\\''m going to be sick', 'E-|------------------------------------------------------------------|\r\nB-|------------------------------------------------------------------|\r\nG-|------------------------------------------------------------------|\r\nD-|----------------2----------------------------------4---2---1-1----|\r\nA-|------3--3--3--------2---3------------2--------0------------------|\r\nE-|--5-----------------------------4--4-----4------------------------|\r\n\r\nE-|--------------------------|---------------------------------------|\r\nB-|--------------------------|---------------------------------------|\r\nG-|--------------------------|-------Repeat--2x----------------------|\r\nD-|--2----4--4---------------|---------------------------------------|\r\nA-|--------------------------|---------------------------------------|\r\nE-|-------------4---2--2-----|---------------------------------------|\r\n\r\nE-|--7---7--x--9---x--10--x--12--------------------------------------|\r\nB-|--7---7--x--9---x--10--x--12--------------------------------------|\r\nG-|--7------x--9---x--10--x--12-----Repeat--4x-----------------------|\r\nD-|--9------x--11--x--12--x--14--------------------------------------|\r\nA-|------------------------------------------------------------------|\r\nE-|------------------------------------------------------------------|\r\n\r\nE-|--7-7--7--6-6---7-7-7--6--6------8---8----9---9--9----------------|\r\nB-|--5-5--5--5-5---5-5-5--5--5------10--10---10--10-10---------------|\r\nG-|------------------------------------------------------------------|\r\nD-|------------------------------------------------------------------|\r\nA-|------------------------------------------------------------------|\r\nD-|------------------------------------------------------------------|\r\n\r\nE-|------------------------------------------------------------------|\r\nB-|------------------------------------------------------------------|\r\nG-|-9--------9---8---7----------7---8--9------------9----11----------|\r\nD-|-9--------9---8---7----------7---8--9------------9----11----------|\r\nA-|-7--------7---6---5----------5---6--7------------7----9-----------|\r\nE-|-0----------------------------------0-----------------------------|\r\n\r\nE-|------------------------------------------------------------------|\r\nB-|------------------------------------------------------------------|\r\nG-|----------------------Listen to it..... repeat in time------------|\r\nD-|--5---------------------------------------------------------------|\r\nA-|--5---------------------------------------------------------------|\r\nE-|--3---------------------------------------------------------------|\r\n\r\n\r\nE-|------------------------------------------------------------------|\r\nB-|------------------------------------------------------------------|\r\nG-|--------------------------6--6-----2--2---5--5----5--5------------|\r\nD-|--4--4----4--4----4--4----6--6-----2--2---5--5----5--5------------|\r\nA-|--4--4----4--4----4--4----4--4-----0--0---3--3----3--3------------|\r\nE-|--2--2----2--2----2--2--------------------------------------------|\r\n\r\nE-|------------------------------------------------------------------|\r\nB-|------------------------------------------------------------------|\r\nG-|------------------------------------------------------------2--2--|\r\nD-|--4---x--x--x-x-x---4--4-------4--4---4--4------------6--6--2--2--|\r\nA-|--4---x--x--x-x-x---4--4-------4--4---4--4----3--3----4--4--0--0--|\r\nE-|--2---x--x--x-x-x---2--2-------2--2---2--2----1--1----------------|\r\n\r\nE-|------------------------------------------------------------------|\r\nB-|------------------------------------------------------------------|\r\nG-|--5--5----5-------------------------------------------------------|\r\nD-|--5--5----5-------------------------------------------------------|\r\nA-|--3--3----3-----4-4--3-3---2-2---3--3--4--4--3--3--2--2---3--3----|\r\nE-|----------------2-2--1-1---0-0---1--1--2--2--1--1--0--0---1--1----|\r\n\r\nE-|------------------------------------------------------------------|\r\nB-|------------------------------------------------------------------|\r\nG-|-------------------------------Repeat 2x -------------------------|\r\nD-|--------0--2---3--3--0--------------------------------------------|\r\nA-|-2--2-------------------3-----------------------------------------|\r\nE-|------------------------------------------------------------------|', 1),
(16, 5, 'This Charming Man', 'Punctured bicycle\r\non a hillside desolate\r\nwill Nature make a man of me yet?\r\n\r\nWhen in this charming car\r\nthis charming man\r\n\r\nWhy ponder life\\''s complexities\r\nwhen the leather runs smooth on the passenger seat?\r\n\r\nI would go out tonight\r\nbut I haven\\''t got a stitch to wear\r\nthis man said \\"It\\''s gruesome\r\nthat someone so handsome should care\\"\r\n\r\nA jumped-up pantry boy\r\nwho never knew his place\r\nhe said \\"return the rings\\"\r\nhe knows so much about these things\r\nhe knows so much about these things\r\n\r\nI would go out tonight\r\nbut I haven\\''t got a stitch to wear\r\nthis man said \\"It\\''s gruesome\r\nthat someone so handsome should care\\"\r\n\r\nThis charming man\r\nthis charming man\r\n\r\nA jumped-up pantry boy\r\nwho never knew his place\r\nhe said \\"return the ring\\"\r\nhe knows so much about these things\r\nhe knows so much about these things\r\nhe knows so much about these things', '-9--9---7-7--10--9---7--7-slide---9----12-12------9--------------\r\n-10-10--9-9--10--10--9--9-slide--10-10----------9----12----------\r\n------------------------------------11--------9------------------\r\n-----------------------------------------------------------------\r\n-----------------------------------------------------------------\r\n\r\n------------9------------------------------------------------\r\n------10------------10-12-------10----10-slide-12----12------\r\n11-11----11---11-11-------11-11----11-11-------13--13---13---\r\n-------------------------------------------------------------\r\n-------------------------------------------------------------\r\n\r\n-------------------------------------------------------\r\n---5---------5-----5----12-12--10-10-slide-12-12-------\r\n-6-----6-6-----6-6------13-13--1--11-------13-13-------\r\n-----7-----7---------7---------------------------------\r\n-------------------------------------------------------\r\n\r\n-----------------------------9---------9--------------(1)-----(12)---------\r\n-------10---------9-------10---10--------9--------10--or-----9-or--[F#m]---\r\n----11----11----9---9--11------------9---------11-----11---9---9--[strum]--\r\n-12----------11--------------------9--------12-----------11-------[bar-8th]\r\n---------------------------------------------------------------------------\r\n---------------------------------------------------------------------------\r\n\r\n-----7--slide--9---9--9--7--7--10--9--7--7-slide-9------12--12--------\r\n-----9--slide--10--10-10-9-9---10--10-9--9-slide-10--10---------------\r\n-----------------------------------------------------11---------------\r\n----------------------------------------------------------------------\r\n----------------------------------------------------------------------\r\n\r\n------------------------------------------------------------------------------\r\n------2-2--------------------4-6----------------------------------------------\r\n-----------2-4-2-------2-2-2--------------------4-6---------------4-2---------\r\n-0-0-0-----------0-0-0------------2-2-2--2-2--2------5-5-5-4-4--4-------------\r\n------------------------------------------------------------------------------\r\n\r\n-----------------------------------------------------------------------\r\n-----------------------------------------------------------------------\r\n-------------------------------------------------9---------------------\r\n--0-------2-4-6-4------------------0-------2-4-6---4--444-2-4-4-4-4-2--\r\n----4-2-0-----------------2-4-5-2----4-3-0-----------------------------\r\n------------------2-4-5-4----------------------------------------------', 1),
(17, 6, 'Street Spirit (Fade Out)', 'Rows of houses all bearing down on me\r\ni can feel their blue hands touching me\r\nall these things in all positions\r\nall these things will one day take control\r\nand fade out again and fade out\r\n\r\nThis machine will will not communicate these thoughts\r\nand the strain i am under\r\nbe a world child form a circle before we all go under\r\nand fade out again and fade out again\r\n\r\nCracked eggs dead birds\r\nscream as they fight for life\r\ni can feel death can see it''s beady eyes\r\nall these things into frution\r\nall these things we''ll one day swallow whole\r\nand fade out again and fade out again.', '    Am              Asus4           Am              Asus2                      \r\nE-|---------0---------------0---------------0-----------------------|\r\nB-|-----------------3---------------1---------------0---------------|\r\nG-|-----2-------2-------2-------2-------2-------2-------2-------2---|\r\nD-|---------------------------------------------------------2-------|\r\nA-|-0---------------------------------------------------------------|\r\nE-|-----------------------------------------------------------------|\r\n                                                                     \r\n\r\nFIG 2:-\r\n\r\n    Em              Em7             Em6             Em               \r\nE-|---------0---------------0---------------0-----------------------|\r\nB-|-----------------3---------------1---------------0---------------|\r\nG-|-----0-------0-------0-------0-------0-------0-------0-------0---|\r\nD-|---------------------------------------------------------2-------|\r\nA-|-----------------------------------------------------------------|\r\nE-|-0---------------------------------------------------------------|\r\n\r\n\r\nFIG 3:-\r\n                                                                     \r\n    C               Cadd9           C               Cmaj7            \r\nE-|---------0---------------0---------------0-----------------------|\r\nB-|-----------------3---------------1---------------0---------------|\r\nG-|-----0-------0-------0-------0-------0-------0-------0-------0---|\r\nD-|---------------------------------------------------------2-------|\r\nA-|-3---------------------------------------------------------------|\r\nE-|-----------------------------------------------------------------|', 1),
(18, 7, 'When The Sun Goes Down', 'So who\\''s that girl there?\r\nI wonder what went wrong\r\nSo that she had to roam the streets\r\nShe don\\''t do major credit cards\r\nI doubt she does receipts\r\nIt\\''s all not quite legitimate\r\nAnd what a scummy man\r\nJust give him half a chance\r\nI bet he\\''ll rob you if he can\r\nCan see it in his eyes, yeah\r\nThat he\\''s got a driving ban\r\nAmongst some other offences\r\n\r\nAnd I\\''ve seen him with girls of the night\r\nHe told Roxanne to put on her red light\r\nThey\\''re all infected but he\\''ll be alright\r\nCause he\\''s a scumbag, don\\''t you know\r\nI said he\\''s a scumbag, don\\''t you know!\r\n\r\nAlthough you\\''re trying not to listen\r\nI bet your eyes are staring at the ground\r\nShe makes a subtle proposition\r\nI\\''m sorry love I\\''ll have to turn you down\r\n\r\nAnd oh he must be up to something\r\nWant half a chance to show he\\''s more than likely\r\nI\\''ve got a feeling in my stomach\r\nI start to wonder what his story might be\r\nWhat his story might be\r\n\r\nThey said it changes when the sun goes down\r\nAnd they said it changes when the sun goes down\r\nAnd they said it changes when the sun goes down\r\nAround here\r\nAround\r\n\r\nAnd look here comes a Ford Mondeo\r\nIsn\\''t he Mister Inconspicuous\r\nAnd he don\\''t have to say \\''owt\r\nShe\\''s in the stance ready to get picked up\r\n\r\nAnd she\\''s delighted when she sees him\r\nPulling in and giving her the eye\r\nBecause she must be fucking freezing\r\nScantily clad beneath the clear night sky\r\nShe don\\''t stop in the winter no and...\r\n\r\nThey said it changes when the sun goes down\r\nAnd they said it changes when the sun goes down\r\nAnd they said it changes when the sun goes down\r\nAround here\r\n\r\nThey said it changes when the sun goes down\r\nAnd they said it changes when the sun goes down\r\nOver the river going out of town\r\nAnd they said it changes when the sun goes down\r\nAround here\r\n\r\nAnd what a scummy man\r\nJust give him half a chance\r\nI bet he\\''ll rob you if he can\r\nCan see it in his eyes that he\\''s got a nasty plan\r\nI hope you\\''re not involved at all', 'e|-----x------x-----x-----x-----x-----|\r\nB|-----x--14--x--9--x--7--x--9--x--7--|\r\nG|--8--x--12--x--8--x--8--x--8--x--8--|\r\nD|--9--x--x---x--9--x--8--x--9--x--8--|\r\nA|--9--x--13--x--7--x--6--x--7--x--6--|\r\nE|--7--x--11--x-----x-----x-----x-----|\r\n\r\ne|--4---------------------|\r\nB|--5--/--11--9--7--5--7--|\r\nG|--6--/---------8--6--8--|\r\nD|--6--/--11--9--8--6--8--|\r\nA|--4--/--9---7--6--4--6--|\r\nE|------------------------|\r\n\r\n\r\ne|------x-----x------x-----x------x-----|\r\nB|--12--x--7--x--12--x--7--x--12--x--7--|\r\nG|--13--x--8--x--13--x--8--x--13--x--8--|\r\nD|--13--x--8--x--13--x--8--x--11--x--8--|\r\nA|--11--x--6--x--11--x--6--x--11--x--6--|\r\nE|------x-----x------x-----x------x-----|\r\n\r\ne|--4-4----6-6----7-7----9---|\r\nB|--5-5----7-7----9-9----11--|\r\nG|--6-6----8-8----7-7----9---|\r\nD|--6-6----8-8----9-9----11--|\r\nA|--4-4----6-6----7-7----9---|\r\nE|---------------------------|\r\n\r\nGuitar 2 plays along Bm with distortion\r\ne|--------------|\r\nB|--3-----------|\r\nG|--4------4-3--|\r\nD|--4------5-4--|\r\nA|--2------5-4--|\r\nE|---------3-2--|\r\n\r\ne|-----------------------|\r\nB|-----------------------|\r\nG|-----------------------|\r\nD|------------------2-4--|\r\nA|------------2-2-5------|\r\nE|--3-3-2-2-2------------|\r\n\r\ne|----------|\r\nB|-------3--|\r\nG|--4-3--4--|\r\nD|--5-4--4--|\r\nA|--5-4--2--|\r\nE|--3-2-----|\r\n\r\ne|--7-/-9----------|\r\nB|--8-/-10--3-3-3--|\r\nG|--9-/-11--4-4-4--|\r\nD|--9-/-11--4-4-4--|\r\nA|--7-/-9---2-2-2--|\r\nE|-----------------|\r\nx4 (x8 Second time)\r\n\r\ne|-----2---|\r\nB|-----2---|\r\nG|--2--3---|\r\nD|--2--4---|\r\nA|--0--4---|\r\nE|-----2---|\r\n\r\ne|-----x------x-----x-----x-----x-----|\r\nB|-----x--14--x--9--x--7--x--9--x--7--|\r\nG|--8--x--12--x--8--x--8--x--8--x--8--|\r\nD|--9--x--x---x--9--x--8--x--9--x--8--|\r\nA|--9--x--13--x--7--x--6--x--7--x--6--|\r\nE|--7--x--11--x-----x-----x-----x-----|\r\n\r\ne|--4-4----6-6----7-7----9---|\r\nB|--5-5----7-7----9-9----11--|\r\nG|--6-6----8-8----7-7----9---|\r\nD|--6-6----8-8----9-9----11--|\r\nA|--4-4----6-6----7-7----9---|\r\nE|---------------------------|\r\n\r\ne|--10--10--10--10--9--7--|\r\nB|--11--11--11--11--11-7--|\r\nG|--9---9---9---9---9--8--|\r\nD|--11--11--11--11--11-9--|\r\nA|--9---9---9---9---9--9--|\r\nE|---------------------7--|', 1),
(14, 4, 'Here Comes Your Man', 'Outside there\\''s a box car waiting\r\noutside the family stew\r\nout by the fire breathing\r\noutside we wait \\''til face turns blue\r\ni know the nervous walking\r\ni know the dirty beard hangs\r\nout by the box car waiting\r\ntake me away to nowhere plains\r\nthere is a wait so long\r\nhere comes your man\r\n\r\nbig shake on the box car moving\r\nbig shake to the land that\\''s falling down\r\nis a wind makes a palm stop blowing\r\na big, big stone fall and break my crown\r\nthere is a wait so long\r\nyou\\''ll never wait so long\r\nhere comes your man\r\nthere is a wait so long\r\nyou\\''ll never wait so long\r\nhere comes your man', 'Intro riff:\r\n\r\n E---------------------------------------------|\r\n B---------------------------------------------|\r\n G---------------------------------------------|\r\n D--------4--4--5---------------------0--2-----|\r\n A--5--5-----------0------2--0--0--4--------5--|\r\n E--------------------3------------------------|\r\n\r\n[Intro riff 3 times]\r\n\r\nverse:\r\n\r\n   E-------------------------------------------------------------|\r\n   B----------7--------------------14-----------------8----------|\r\n   G-----7-------7---7------14--------14--------9-------9----9---|\r\n   D---7--(7)------7----14----14---------14/--9---9--------9-----|\r\n   A-------------------------------------------------------------|\r\n   E-------------------------------------------------------------|\r\n\r\n   E-----------------------|\r\n   B-------------12--------|\r\n   G------12--------12-----|\r\n   D--12----12--------12/--|\r\n   A-----------------------|\r\n   E-----------------------|\r\n\r\n[Bridge]\r\n      Bm                       G         A        D\r\n   E-----------------------------------------------------|\r\n   B--12-12-12-12-12-12-12-12--12-(8x)--10-(8x)--15-(9x)-|\r\n   G--11-11-11-11-11-11-11-11--12--------9-------14------|\r\n   D-----------------------------------------------------|\r\n   A-----------------------------------------------------|\r\n   E-----------------------------------------------------|\r\n\r\n[Chorus -- play with intro riff]\r\nG  A                D [3 times]\r\n\r\n[Solo]\r\n\r\n   E----------------------------------------------------------------|\r\n   B----------------------------------------------------------------|\r\n   G--11--9-------------------------9---11--9----------11-11-9----9-|\r\n   D---------12--12--11--11--11h12-------------12--12----------12---|\r\n   A----------------------------------------------------------------|\r\n   E----------------------------------------------------------------|\r\n\r\n[Bridge]\r\n[Chorus]\r\n[Chords through solo:  D  A  Em  G ]\r\n[solo]\r\n\r\n   E--------------------------------------------------------------|\r\n   B--15-15-15-17-15-17-15----------------------------------------|\r\n   G--14-14-14-14-14-14-14--14-14-16-14-16-14--12-12-14-12-14-12--|\r\n   D------------------------14-14-14-14-14-14--12-12-12-12-12-12--|\r\n   A--------------------------------------------------------------|\r\n   E--------------------------------------------------------------|\r\n                   (3x)\r\n   E------------------|--------------------------------------------|\r\n   B------------------|--------------------------------------------|\r\n   G--12--12-12-12-12-|--------------------------------------------|\r\n   D--14--14-14-14-14-|--12-12-12--12-12-12-1214-14-14--14-14-14---|\r\n   A------------------|--------------------------------------------|\r\n   E------------------|--------------------------------------------|\r\n\r\n   E---------------------------------------------|\r\n   B---------------------------------------------|\r\n   G---------------------------------------------|\r\n   D--14/12-12-12--12-12-12-1214-14-14--14-14----|\r\n   A---------------------------------------------|\r\n   E---------------------------------------------|', 1),
(15, 4, 'Alec Eiffel', 'Pioneer of aerodynamics\r\n(little eiffel, little eiffel)\r\nthey thought he was real smart alec\r\n(little eiffel, little eiffel)\r\nhe thought big they called it a phallic\r\n(little eiffel, little eiffel)\r\nthey didn\\''t know he was panoramic\r\nlittle eiffel stands in the archway\r\n(little eiffel, little eiffel)\r\nkeeping low doesn\\''t make no sense\r\nsometimes people can be oh so dense\r\nthey didn\\''t want it but he built it anyway\r\n(little eiffel, little eiffel)\r\nlittle eiffel stands in the archway\r\n(little eiffel, little eiffel)\r\nkeeping low don\\''t make sense\r\nkeeping low doesn\\''t make no-sense\r\n(little eiffel, little eiffel)\r\nlittle eiffel stands in the archway\r\noh alexander i see you beneath\r\nthe archway of aerodynamics.', '----------------------------------------------------\r\n-9--9--10-9--9--9--10-9--9--9--10-9--9--9--10-9-----\r\n-9--9--9--9--9--9--9--9--9--9--9--9--9--9--9--9-----\r\n-9--9--9--9--9--9--9--9--9--9--9--9--9--9--9--9-----\r\n----------------------------------------------------\r\n----------------------------------------------------\r\n\r\n----------------------------------------------------------------\r\n--------------------------b(12)-11-9-b(12)-9-b(12)-11-9-b(12)-9-\r\n--------------[something]---------------------------------------\r\n--7~~~8~~~9~~~--------------------------------------------------\r\n----------------------------------------------------------------\r\n----------------------------------------------------------------\r\n\r\n---------------------------b(16)-15-13-15------b(16)-13-15-\r\n-b(12)--b(12)-11-9-b(12)------------------15---------------\r\n-----------------------------------------------------------\r\n-----------------------------------------------------------\r\n-----------------------------------------------------------\r\n-----------------------------------------------------------\r\n\r\n\r\n------------------------------------------\r\n------------------------------------------\r\n------------------------------------------\r\n-10-10-9-9-10-10-9-9-10-10-9-9-7-7--------\r\n-----------------------------------10-10--\r\n------------------------------------------\r\n\r\n---------------------------------------------------------\r\n---------------------------------------------------------\r\n---------------------------------------------------------\r\n-10-10-9-9-7-7-------------------------------------------\r\n---------------10-10-9-9-7-7-----------------------------\r\n-----------------------------10-10-8-8-7-7-8-8-7-7-8-8---\r\n', 0),
(13, 4, 'Ana', 'Bm         Bb\r\n   She\\''s my fave\r\n D                  G\r\n  Undressing in the sun\r\n Bb         Bm   Bb\r\n  Return to sea, bye\r\n D                G\r\n  Forgetting everyone\r\n Bb      D    A(add9)\r\n  Eleven high\r\n\r\n C#m  G#  F#-G#-A   Bbm\r\n Ride   a wave\r\n\r\nE  Bbm\r\n\r\nBbm        A\r\n  She\\''s my fave\r\nC#                  F#\r\n  Undressing in the sun\r\nA           Bbm  A\r\n  Return to sea, bye\r\nC#                F#\r\n  Forgetting everyone\r\nA        C#   G#(add3,+5)\r\n  Eleven high\r\n\r\n Dm  A      Bb\r\n Ride  a wave\r\n\r\n Bm  F  Bm', '[INTRO]\r\n\r\n E  Bbm\r\n\r\n  Bbm         A     C#                F#    A            Bbm\r\n------------|-----|-----------------|-----|-----------|------------\r\n------------|-----|---6--7--6-----6-|-----|-----------|------------\r\n----6-6--6--|-6---|------------8----|-6---|---6--8--6-|--6\\\\3--3----\r\n------------|-----|-----------------|-----|-----------|------------\r\n------------|-----|-----------------|-----|-----------|------------\r\n------------|-----|-----------------|-----|-----------|------------\r\n\r\n\r\n  A    C#                F#    A             C#\r\n-----|-----------------|-----|------------|----------\r\n-----|---6--7--6-----6-|-----|------------|----------\r\n--2--|------------8----|-6---|---6--8---6-|-6--------\r\n-----|-----------------|-----|------------|----------\r\n-----|-----------------|-----|------------|----------\r\n-----|-----------------|-----|------------|----------\r\n\r\n\r\nG#(add3,+5)  C#m             G#               A              Bbm\r\n-----------|---------------|-----------12--9-|--------------|----\r\n-----------|----------5--7-|-----------------|---------5--7-|-6--\r\n-----------|----6--8-------|-8---\\\\13---------|---6--8-------|----\r\n-----------|---------------|-----------------|--------------|----\r\n-----------|---------------|-----------------|--------------|----\r\n-----------|---------------|-----------------|--------------|----\r\n\r\nCHORDS you may not know:\r\n Bbm  G#(add3,+5)  C#m    A(add9)\r\n--6-------0---------4-------0--------\r\n--6-------0---------5-------0--------\r\n--6-------5---------6-------6--------\r\n--8-------6---------6-------7--------\r\n--8-------6---------4-------7--------\r\n--6-------4-----------------5--------\r\n', 1);
INSERT INTO `songs_tbl` (`id`, `artistId`, `title`, `lyric`, `tab`, `visible`) VALUES
(12, 3, 'Retrovertigo', 'Before you advertise\r\nAll the fame is implied\r\nWith no fortune unseen\r\nSell the rights\r\nTo your blight\r\nTime-machine\r\nWhile I\\''m dulled by excess\r\nAnd a cynic at best\r\nMy art imitates crime\r\nPaid for by\r\nThe allies\r\nSo invest\r\nNow I\\''m finding truth is a ruin\r\nNauseous end that nobody is pursuing\r\nStaring into glassy eyes\r\nMesmerized\r\nThere\\''s a vintage thirst returning\r\nBut I\\''m sheltered by my channel-surfing\r\nEvery famine virtual\r\nRetrovertigo\r\nA tribute to false memories\r\nWith conviction\r\nCheap imitation\r\nIs it fashion or disease?\r\nPost-ironic\r\nRemains a mouth to feed\r\nSell the rights\r\nTo your blight\r\nAnd you\\''ll eat\r\nSee the vintage robot wearied\r\nThen awakened by revision theories\r\nEvery famine virtual\r\nRetrovertigo', 'E|-----------------------|-----------------------|\r\nB|--1----1----1----1-----|-----------------------|\r\nG|--0----0----0----0-----|-----------------------|\r\nD|--2----2----2----2--0--|--2----2----2----2--2--|\r\nA|--3----3----3----3--3--|--3----3----3----3--3--|\r\nE|--------------------3--|--4----4----4----4--3--|\r\n  X\\''s - 3\r\n\r\nE|-----------------------|--------------------|\r\nB|--1----1----1----1-----|--------------------|\r\nG|--0----0----0----0-----|--------------------|\r\nD|--2----2----2----2--0--|--2----2----2----2--|\r\nA|--3----3----3----3--3--|--3----3----3----3--|\r\nE|--------------------3--|--4----4----4----4--|\r\n\r\n\r\n\\"Before ....\r\nE|--1----1----1----1----1----1----1----1--|\r\nB|--3----3----3----3----3----3----3----3--|\r\nG|--2----2----2----2----1----1----1----1--|\r\nD|----------------------------------------|\r\nA|----------------------------------------|\r\nE|----------------------------------------|\r\n X\\''s - 3\r\n\r\n\\"Sell ....\r\nE|--------------------|--------------------|\r\nB|--1----1----1----1--|--6----6----6----6--|\r\nG|--0----0----0----0--|--4----4----4----4--|\r\nD|--2----2----2----2--|--4----4----4----4--|\r\nA|--3----3----3----3--|--6----6----6----6--|\r\nE|--------------------|--------------------|\r\n\r\n\r\nE|--------------------|\r\nB|--0----0----0----0--|\r\nG|--1----1----1----1--|\r\nD|--2----2----2----2--|\r\nA|--3----3----3----3--|\r\nE|--------------------|\r\n X\\''s - 2\r\n\r\n\\"While ....\r\nE|--1----1----1----1----1----1----1----1--|\r\nB|--3----3----3----3----3----3----3----3--|\r\nG|--2----2----2----2----1----1----1----1--|\r\nD|----------------------------------------|\r\nA|----------------------------------------|\r\nE|----------------------------------------|\r\n X\\''s - 3\r\n\r\nE|--------------------|--------------------|\r\nB|--1----1----1----1--|--6----6----6----6--|\r\nG|--0----0----0----0--|--4----4----4----4--|\r\nD|--2----2----2----2--|--4----4----4----4--|\r\nA|--3----3----3----3--|--6----6----6----6--|\r\nE|--------------------|--------------------|\r\n\r\n\r\nE|--------------------|\r\nB|--------------------|\r\nG|--1----1----1----1--|\r\nD|--2----2----2----2--|\r\nA|--3----3----3----3--|\r\nE|--0----0----0----0--|\r\n X\\''s - 2\r\n\r\n\\"Now I\\''m .....\r\nE|----------------------------|\r\nB|----------------------------|\r\nG|----------------------------|\r\nD|----------------------------|\r\nA|--7--7--5--5--3--3--3--3-5--|\r\nE|--5--5--3--3--1--1--1--1-3--|\r\n X\\''s - 2\r\n\r\nE|--------------------------------------|\r\nB|--------------------------------------|\r\nG|--------------------------------------|\r\nD|--------------7~~~~~~~~~--------------|\r\nA|--7--7--5--5--5~~~~~~~~~--5~~~~6~~~~--|\r\nE|--5--5--3--3--------------3~~~~4~~~~--|\r\n\r\n\r\nE|----------------------------|\r\nB|----------------------------|\r\nG|----------------------------|\r\nD|----------------------------|\r\nA|--7--7--5--5--3--3--3--3-5--|\r\nE|--5--5--3--3--1--1--1--1-3--|\r\nX\\''s - 2\r\n\r\n\\"Every ....\r\nE|--------------------------1--1--1--1--|\r\nB|--------------------------3--3--3--3--|\r\nG|--------------------------1--1--1--1--|\r\nD|--------------7~~~~~~~~~--------------|\r\nA|--7--7--5--5--5~~~~~~~~~--------------|\r\nE|--5--5--3--3--------------------------|\r\n\r\n\r\nE|-----------------------|-----------------------|\r\nB|--1----1----1----1-----|-----------------------|\r\nG|--0----0----0----0-----|-----------------------|\r\nD|--2----2----2----2--0--|--2----2----2----2--2--|\r\nA|--3----3----3----3--3--|--3----3----3----3--3--|\r\nE|--------------------3--|--4----4----4----4--3--|\r\n  X\\''s - 3\r\n\r\nE|-----------------------|-----------------------|\r\nB|--1----1----1----1-----|-----------------------|\r\nG|--0----0----0----0-----|-----------------------|\r\nD|--2----2----2----2--0--|--2----2----2----2-----|\r\nA|--3----3----3----3--3--|--3----3----3----3-----|\r\nE|--------------------3--|--4----4----4----4-----|\r\n\r\n\r\n-=-=Glockenspiel Solo!=-=-\r\nE|--1----1----1----1----1----1----1----1--|\r\nB|--3----3----3----3----3----3----3----3--|\r\nG|--2----2----2----2----1----1----1----1--|\r\nD|----------------------------------------|\r\nA|----------------------------------------|\r\nE|----------------------------------------|\r\n X\\''s - 3\r\n\r\n*-----START DISTORTION-----*\r\n\\"A tribute ...\r\nE|--------------------------------------------------|\r\nB|--------------------------------------------------|\r\nG|--------------------------------------------------|\r\nD|--------------5~~~~~~~~~--------------------------|\r\nA|--3~~~~~~~~~--3~~~~~~~~~--7~~~~~~~~~--6~~~~~~~~~--|\r\nE|--1~~~~~~~~~--------------5~~~~~~~~~--4~~~~~~~~~--|\r\n X\\''s - 2\r\n\r\nE|--------------------------------------|\r\nB|--------------------------------------|\r\nG|--------------------------------------|\r\nD|--5~~~~~~~~~--------------------------|\r\nA|--3~~~~~~~~~--4~~~~~~~~~--2~~~~~~~~~--|\r\nE|--------------2~~~~~~~~~--0~~~~~~~~~--|\r\n\r\n\r\nE|----------------------------|\r\nB|----------------------------|\r\nG|----------------------------|\r\nD|----------------------------|\r\nA|--7--7--5--5--3--3--3--3-5--|\r\nE|--5--5--3--3--1--1--1--1-3--|\r\n X\\''s - 2\r\n\r\nE|--------------------------------------|\r\nB|--------------------------------------|\r\nG|--------------------------------------|\r\nD|--------------7~~~~~~~~~--------------|\r\nA|--7--7--5--5--5~~~~~~~~~--5~~~~6~~~~--|\r\nE|--5--5--3--3--------------3~~~~4~~~~--|\r\n\r\n\r\nE|----------------------------|\r\nB|----------------------------|\r\nG|----------------------------|\r\nD|----------------------------|\r\nA|--7--7--5--5--3--3--3--3-5--|\r\nE|--5--5--3--3--1--1--1--1-3--|\r\n X\\''s - 2\r\n\r\nE|-------------------------------1-------1-------|\r\nB|------------------------------1---------1------|\r\nG|-----------------------------1-----------1-----|\r\nD|--------------7~~~~~~~~~----3-------------3----|\r\nA|--7--7--5--5--5~~~~~~~~~-------------------3---|\r\nE|--5--5--3--3--------------------------------1--|\r\n', 1),
(11, 2, 'Don\\''t Fear The Reaper', 'All our times have come,\r\nHere but now they\\''re gone.\r\nSeasons don\\''t fear the reaper,\r\nNor do the wind, the sun or the rain...\r\nWe can be like they are.\r\nCome on, baby... don\\''t fear the reaper.\r\nBaby, take my hand... don\\''t fear the reaper.\r\nWe\\''ll be able to fly... don\\''t fear the reaper.\r\nBaby, I\\''m your man...\r\n\r\nValentine is done,\r\nHere but now they\\''re gone.\r\nRomeo and Juliet\r\nAre together in eternity... Romeo and Juliet.\r\n40,000 men and women everyday... Like Romeo and Juliet.\r\n40,000 men and women everyday... Redefine happiness.\r\nAnother 40,000 coming everyday... We can be like they are.\r\nCome on, baby... don\\''t fear the reaper.\r\nBaby, take my hand... don\\''t fear the reaper.\r\nWe\\''ll be able to fly... don\\''t fear the reaper.\r\nBaby, I\\''m your man...\r\n\r\nLove of two is one,\r\nHere but now they\\''re gone.\r\nCame the last night of sadness,\r\nAnd it was clear she couldn\\''t go on.\r\nThen the door was open and the wind appeared,\r\nThe candles blew then disappeared,\r\nThe curtains flew then he appeared... saying don\\''t be afraid,\r\nCome on, baby... and she had no fear,\r\nAnd she ran to him... then they started to fly.\r\nThey looked backward and said goodbye... she had become like they are.\r\nShe had taken his hand... she had become like they are.\r\nCome on, baby... don\\''t fear the reaper.', '   Am       G        F       G\r\n-------------------------------------\r\n-------------------------------------\r\n-------2-0--------0--------0-------0-\r\n-----2----------0--------0-------0---\r\n---0----------2--------3-------2-----\r\n------------3--------1-------3-------\r\n\r\n1st solo break :\r\n--15-13-12-13-12--------------------------------------------\r\n-----------------15^17---15-13-12---------------------------\r\n----------------------------------12----14------------------\r\n-------------------------------------14---------------------\r\n------------------------------------------------------------\r\n------------------------------------------------------------\r\n\r\n------------------------------------------------------------\r\n-----12-13-12----15-15^17^15-13-12--------------------------\r\n--14----------14-------------------12----14-----------------\r\n--------------------------------------14--------------------\r\n------------------------------------------------------------\r\n------------------------------------------------------------\r\n\r\n--------12--------------------------------------------------\r\n--10^12----12^13^l2-10------12-10---------------------------\r\n-----------------------12-9---------------------------------\r\n------------------------------------------------------------\r\n------------------------------------------------------------\r\n------------------------------------------------------------\r\n\r\n2nd solo break :\r\n\r\n-12------------------12-------------------------------------\r\n----12^13^12-10---------12^13^12-10----10-10-10-------------\r\n------------------------------------12----------------------\r\n------------------------------------------------------------\r\n------------------------------------------------------------\r\n------------------------------------------------------------\r\n\r\n------------------------------------------------------------\r\n-10-12^13^12--10-8s10-10s12-12s10---------------------------\r\n------------------------------------------------------------\r\n------------------------------------------------------------\r\n------------------------------------------------------------\r\n------------------------------------------------------------\r\n\r\n------------------------------------------------------------\r\n-------13------13------13------13------13-------------------\r\n--10-13---10-13---10-13---10-13---10-13---------------------\r\n------------------------------------------------------------\r\n------------------------------------------------------------\r\n------------------------------------------------------------\r\n\r\n------------------------------------------------------------\r\n-------12------12------12------12------12------12-----------\r\n--10-12---10-12---10-12---10-12---10-12---10-12-------------\r\n------------------------------------------------------------\r\n------------------------------------------------------------\r\n------------------------------------------------------------\r\n\r\n------------------------------------------------------------\r\n-------13------13------13------13------13-------------------\r\n--10-13---10-13---10-13---10-13---10-13---------------------\r\n------------------------------------------------------------\r\n------------------------------------------------------------\r\n------------------------------------------------------------\r\n\r\n------------------------------------------------------------\r\n-------12------12------12------12------12------12-----------\r\n--10-12---10-12---10-12---10-12---10-12---10-12-------------\r\n------------------------------------------------------------\r\n------------------------------------------------------------\r\n------------------------------------------------------------\r\n\r\nRHYTHM: F G G# G F | G B D G# G  X 4\r\n	F | G  X 2\r\n\r\n-15t-15^16--13h15p13-12-13-15-15---------------13---15^16^15\r\n---------------------------------15---15-16-15----16--------\r\n------------------------------------------------------------\r\n------------------------------------------------------------\r\n------------------------------------------------------------\r\n------------------------------------------------------------\r\n\r\ns19-19-19^20--15-15-15h16p15---15h16p15----15-13h15p13---13-\r\n----------------------------------------18-------------17---\r\n------------------------------------------------------------\r\n------------------------------------------------------------\r\n------------------------------------------------------------\r\n------------------------------------------------------------\r\n\r\n------------------------------------15^17^15-13-11-13----11-\r\n-15-17-13---12h13p12----------------------------------15----\r\n---------------------12h13p12----12-------------------------\r\n------------------------------------------------------------\r\n------------------------------------------------------------\r\n------------------------------------------------------------\r\n\r\n------------------------------------------------------------\r\n-13-15-15^16^15---13-12h13p12-13-12h13p12-------------------\r\n------------------------------------------13p12-12----12----\r\n---------------------------------------------------15-------\r\n------------------------------------------------------------\r\n------------------------------------------------------------\r\n\r\n----------------------------------------------13------------\r\n----13-12----13-12-------------------------13---------------\r\n-12-------l2-------12-12s10-10-------12-13-------13-12------\r\n----------------------------------15------------------------\r\n------------------------------------------------------------\r\n------------------------------------------------------------\r\n\r\n----15^17^15------------------------------------------------\r\n------------------------------------------------------------\r\n-12----------12-12s10-10----10h12-12------------------------\r\n------------------------------------------------------------\r\n------------------------------------------------------------\r\n------------------------------------------------------------', 1),
(9, 1, 'Sick, Sick, Sick', 'Young, dumb, don\\''t see a problem\r\nBloodshot, stare like a hoodlum\r\nSimple as this; I\\''m in love with the risk\r\nI know what I\\''ve done,\r\nBut tell me what did I miss?\r\nSo please don\\''t save something\r\nWaste not, save nothing\r\nLose the halo, don\\''t need to resist\r\nA lick of the lips and a grip on your hips\r\n\r\nSick, sick, sick\r\nDon\\''t resist\r\nSick, sick, sick\r\nDon\\''t resist\r\n\r\nFirst thing we succumb to\r\nShout, erase, and undo\r\nDays are unreleased, if there\\''s no release\r\nPlease just let me do whatever fits you\r\nMake something, make someone\r\nBeg on a knee, baby baby please\r\nPout your bottom lip\r\nWhile cracking the whip\r\nYou know what we want,\r\nIt\\''s candy to cum to\r\n\r\nSick, sick, sick\r\nDon\\''t resist\r\nSick, sick, sick\r\nDon\\''t resist\r\n\r\nA total eclipse in the teeth of the risk\r\nThe tongue is a twist, perpetual bliss\r\nForever midnight\r\nForever...\r\n\r\nSick, sick, sick\r\nDon\\''t resist\r\nSick, sick, sick\r\nDon\\''t resist\r\n\r\nSick sick, sick (I\\''m gonna take)\r\nDon\\''t resist (I don\\''t wanna choose)\r\nSick, sick, sick (I\\''m gonna take)\r\nDon\\''t resist (I don\\''t wanna change)', 'Tuning: C standard\r\n\r\nIntro/Verse\r\n|----|\r\n|----|\r\n|----|\r\n|-12-|\r\n|-14-|\r\n|-0--|\r\n\r\nChorus\r\n|---------------------------|\r\n|---------------------------|\r\n|---------------------------|\r\n|---------------------------|\r\n|-17-17-17--17/21-21-19/17--|\r\n|-0--0--0---0--0--0--0--0---|\r\n\r\nPost Chorus Riff\r\n|-----------------------------------------|\r\n|-----------------------------------------|\r\n|-----------------------------------------|\r\n|-----------------------------------------|\r\n|-----------------------------------------|\r\n|-10p0-10p0-12p0-12/10-12/7--14(p0)14-12--|\r\n\r\nBridge (when Julian sings)\r\n|------------------------|\r\n|------------------------|\r\n|------------------------|\r\n|------------------------|\r\n|-7--77--77--77--77--77--|\r\n|--0---0---0---0---0---0-|\r\n', 1),
(10, 1, 'This Lullaby', 'Where, where have you been my love?\r\nWhere, oh where can you be?\r\nIt\\''s been so long since the moon has gone\r\nAnd oh, what a wreck you made me.\r\n\r\nAre you there over the ocean?\r\nAre you there up in the sky?\r\nUntil the return of my love,\r\nThis lullaby.\r\n\r\nMy hope is on the horizon\r\nEvery face your eyes I can see\r\nI plead and pray, though each night and day\r\nOur embrace is only a dream.\r\n\r\nAnd sure as days come from moments\r\nEach hour becomes a life\\''s time\r\nWhen she left, I\\''d only begun\r\nThis lullaby.', 'Intro\r\n-----\r\n\r\nEm Em\r\n\r\nE |-------------------|--|-------------------|\r\nB |-------------------|--|-12----------------|\r\nG |-------12-------12-|--|-12----------------|\r\nD |----14-------14----|x3|-14----------------|\r\nA |----------14-------|--|-14----------------|\r\nE |-12----------------|--|-12----------------|\r\n\r\n\r\nVerse 1\r\n-------\r\n\r\nE|-------------------|-------------------|-------------------|-------------------|\r\nB|-------------------|-------------------|-------------------|-------------------|\r\nG|-------12-------12-|-------8--------8--|-------8-----------|-------12-------12-|\r\nD|----14-------14----|----9--------9-----|----9--------9-----|----14-------14----|\r\nA|----------14-------|----------9--------|----------9----10--|----------14-------|\r\nE|-12----------------|-7-----------------|-7-----------------|-12----------------|\r\n\r\nE|-------------------|-------------------|-------------------|----------7--------|\r\nB|-------12-------12-|-------------------|-------------------|-------------------|\r\nG|----12-------12----|-------11-------11-|-------9-----------|-------8-----------|\r\nD|----------12-------|----12-------12----|----10-------10----|----9--------------|\r\nA|-10----------------|----------12-------|----------10-------|-------------------|\r\nE|-------------------|-10----------------|-8--------------10-|-7-----------------|\r\n\r\nE|-------------------|-------------------|-------------------|-12----------------|\r\nB|-------------------|-------------------|----------12-------|-------------------|\r\nG|-------12-------12-|-------8-----------|-------12----12----|-------------------|\r\nD|----14-------14----|----9--------9-----|----14-------------|-------------------|\r\nA|----------14-------|----------9-----10-|-------------------|-------------------|\r\nE|-12----------------|-7-----------------|-12-------------12-|-12----------------|\r\n ', 1),
(2, 1, 'Era Vulgaris', 'I play a game \\''til I\\''m dead\r\nOr on a magazine\r\nI wanna look like I\\''m dead\r\nDancing on a string\r\nI eat the food when it\\''s there\r\nMake a mess of things\r\nGet that look everywhere\r\nBut keep that look off my face\r\n\r\nEverybody else wanna fall in love\r\nThere\\''s no room for love\r\nIn a modern sky\r\nLiving in the era vulgaris\r\nJust drool in the dark as you stare at the lights\r\n\r\nFrom a crumbling tower\r\nI see everything\r\nLondon, Tokyo\r\nNew York City\r\nThere\\''s no love\r\nThere\\''s no love\r\nThere\\''s no love\r\nAny place\r\n\r\nEverybody else wanna fall in love\r\nThere\\''s no room for love\r\nIn a modern sky\r\nLiving in the era vulgaris\r\nJust drool in the dark as you stare at the lights\r\n\r\nAll we creatures\r\nHelplessly attacking repetition\r\nOver, over\r\nLeft with who we are\r\nDid you tell anyone\r\nDid you tell any place\r\n\r\nEverybody else wanna fall in love\r\nThere\\''s no room for love\r\nIn a modern sky\r\nLiving in the era vulgaris\r\nJust drool in the dark as you stare at the lights\r\nDa-da da-da...\r\nLiving in the era vulgaris\r\nJust drool in the dark as you stare at the lights\r\n\r\nJust stare at the lights\r\nJust stare at the lights\r\nJust stare at the lights', 'TUNING: CFBEGc\r\n\r\nIntro (Gradual increase in volume)\r\nc--------------------|\r\ng--------------------|\r\ne-9-9-9-99-9-9-9-99--|\r\nb-9-9-9-99-9-9-9-99--|\r\nf-7-7-7-77-7-7-7-77--|\r\nC------0--0-----0--0-|\r\n x4\r\n\r\nVerse\r\nc--------------------|\r\ng--------------------|\r\ne-9-9-9-99-9-9-9-99--|\r\nb-9-9-9-99-9-9-9-99--|\r\nf-7-7-7-77-7-7-7-77--|\r\nC------0--0-----0--0-|\r\n x3\r\n\r\nc-------------------------------------|\r\ng-------------------------------------|\r\ne-16-16-16-1616-16-16-16-1616---------|\r\nb-16-16-16-1616-16-16-16-1616---------|\r\nf-14-14-14-1414-14-14-14-1414---------|\r\nC---------0----0--------0----0--------|\r\n\r\nc--------------------|\r\ng--------------------|\r\ne-9-9-9-99-9-9-9-99--|\r\nb-9-9-9-99-9-9-9-99--|\r\nf-7-7-7-77-7-7-7-77--|\r\nC------0--0-----0--0-|\r\n\r\nc-------------------------------------|\r\ng-------------------------------------|\r\ne-16-16-16-1616-16-16-16-1616---------|\r\nb-16-16-16-1616-16-16-16-1616---------|\r\nf-14-14-14-1414-14-14-14-1414---------|\r\nC---------0----0--------0----0--------|\r\n\r\nc------------------------------------|\r\ng------------------------------------|\r\ne-11-11-11-1111-/14-14-14-1414-------|\r\nb-11-11-11-1111-/14-14-14-1414-------|\r\nf-9--9--9--9-9--/12-12-12-1212-------|\r\nC---------0----0---------0----0------|\r\n\r\nc--------------------|\r\ng--------------------|\r\ne-9-9-9-99-9-9-9-99--|\r\nb-9-9-9-99-9-9-9-99--|\r\nf-7-7-7-77-7-7-7-77--|\r\nC------0--0-----0--0-|\r\n\r\nc------------------------------------|\r\ng------------------------------------|\r\ne-11-11-11-1111-/14-14-14-1414-------|\r\nb-11-11-11-1111-/14-14-14-1414-------|\r\nf-9--9--9--9-9--/12-12-12-1212-------|\r\nC---------0----0---------0----0------|\r\n\r\nc------------------------------------------------|\r\ng------------------------------------------------|\r\ne-9-9-9-xx-7-7-7-10--x--7-9-9-9-99-9-9-9-12-12//-|\r\nb-9-9-9-xx-7-7-7-10--x--7-9-9-9-99-9-9-9-12-12//-|\r\nf-7-7-7-xx-5-5-5-8---x--5-7-7-7-77-7-7-7-10-10//-|\r\nC------------------------------0--0--------------|\r\n\r\nChorus\r\nc-----------------------------------------------------------------------|\r\ng-----------------------------------------------------------------------|\r\ne-12-12-12-xx-11-11-11-xx-5-5-5-xx-9-9-9-xx-3-3-3-xx-7-7-7-xx-----9b~---|\r\nb-12-12-12-xx-11-11-11-xx-5-5-5-xx-9-9-9-xx-3-3-3-xx-7-7-7-xx-7-x-9b~---|\r\nf-10-10-10-xx-9--9--9--xx-3-3-3-xx-7-7-7-xx-1-1-1-xx-5-5-5-xx-7-x-7b~---|\r\nC-------------------------------------------------------------5-x-------|\r\n x2\r\n\r\nVerse 2\r\nc--------------------|\r\ng--------------------|\r\ne-9-9-9-99-9-9-9-99--|\r\nb-9-9-9-99-9-9-9-99--|\r\nf-7-7-7-77-7-7-7-77--|\r\nC------0--0-----0--0-|\r\n x3\r\n\r\nc-------------------------------------|\r\ng-------------------------------------|\r\ne-16-16-16-1616-16-16-16-1616---------|\r\nb-16-16-16-1616-16-16-16-1616---------|\r\nf-14-14-14-1414-14-14-14-1414---------|\r\nC---------0----0--------0----0--------|\r\n\r\nc--------------------|\r\ng--------------------|\r\ne-9-9-9-99-9~9-9-99--|\r\nb-9-9-9-99-9~9-9-99--|\r\nf-7-7-7-77-7~7-7-77--|\r\nC------0--0-----0--0-|\r\n\r\nc-------------------------------------|\r\ng-------------------------------------|\r\ne-16-16-16-1616-16-16-16-1616---------|\r\nb-16-16-16-1616-16-16-16-1616---------|\r\nf-14-14-14-1414-14-14-14-1414---------|\r\nC---------0----0--------0----0--------|\r\n\r\nc------------------------------------|\r\ng------------------------------------|\r\ne-11-11-11-1111-/14-14-14-1414-------|\r\nb-11-11-11-1111-/14-14-14-1414-------|\r\nf-9--9--9--9-9--/12-12-12-1212-------|\r\nC---------0----0---------0----0------|\r\n\r\nc--------------------|\r\ng--------------------|\r\ne-9-9-9-99-9~9-9-99--|\r\nb-9-9-9-99-9~9-9-99--|\r\nf-7-7-7-77-7~7-7-77--|\r\nC------0--0-----0--0-|\r\n\r\nc------------------------------------|\r\ng------------------------------------|\r\ne-11-11-11-1111-/17-17-17-1717-------|\r\nb-11-11-11-1111-/17-17-17-1717-------|\r\nf-9--9--9--9-9--/15-15-15-1515-------|\r\nC---------0----0---------0----0------|\r\n\r\nc------------------------|\r\ng------------------------|\r\ne-9-9-9-99-9-9-9-9-9--//-|\r\nb-9-9-9-99-9-9-9-9-9--//-|\r\nf-7-7-7-77-7-7-7-7-7--//-|\r\nC------0--0--------------|\r\n\r\nChorus\r\nc-----------------------------------------------------------------------|\r\ng-----------------------------------------------------------------------|\r\ne-12-12-12-xx-11-11-11-xx-5-5-5-xx-9-9-9-xx-3-3-3-xx-7-7-7-xx-----9b~---|\r\nb-12-12-12-xx-11-11-11-xx-5-5-5-xx-9-9-9-xx-3-3-3-xx-7-7-7-xx-7-x-9b~---|\r\nf-10-10-10-xx-9--9--9--xx-3-3-3-xx-7-7-7-xx-1-1-1-xx-5-5-5-xx-7-x-7b~---|\r\nC-------------------------------------------------------------5-x-------|\r\n x2\r\n\r\nMiddle Bit\r\nc--------------------|\r\ng--------------------|\r\ne-9-9-9-99-9-9-9-99--|\r\nb-9-9-9-99-9-9-9-99--|\r\nf-7-7-7-77-7-7-7-77--|\r\nC------0--0-----0--0-|\r\n\r\nc------------------------------|\r\ng------------------------------|\r\ne-12-12-12-1212-12-12-12-1212--|\r\nb-12-12-12-1212-12-12-12-1212--|\r\nf-10-10-10-1010-10-10-10-1010--|\r\nC---------0----0--------0----0-|\r\n\r\nc------------------------------------|\r\ng------------------------------------|\r\ne-12-12-1212-1212-12-12-1212-1212----|\r\nb-12-12-1212-1212-12-12-1212-1212----|\r\nf-10-10-1010-1010-10-10-1010-1010----|\r\nC-----------0----0----------0----0---|\r\n x2\r\n\r\nc-----------------------------------|\r\ng-----------------------------------|\r\ne-16-16-1616-1616-16-16-1616-1616---|\r\nb-16-16-1616-1616-16-16-1616-1616---|\r\nf-14-14-1414-1414-14-14-1414-1414---|\r\nC-----------0----0----------0----0--|\r\n x2\r\n\r\nc----------------------------------|\r\ng----------------------------------|\r\ne-11-11-1111-1111-17-17-1717-1717--|\r\nb-11-11-1111-1111-17-17-1717-1717--|\r\nf-9--9--9-9--9-9--15-15-1515-1515--|\r\nC-----------0----0----------0----0-|\r\n\r\nc----------------------------------|\r\ng----------------------------------|\r\ne-11-11-1111-1111-17-17-1717-1717--|\r\nb-11-11-1111-1111-17-17-1717-1717--|\r\nf-9--9--9-9--9-9--15-15-1515-1515--|\r\nC-----------0----0----------0----0-|\r\n\r\nc----------------------|\r\ng----------------------|\r\ne-9-9-99-99-9-9-99-99--|\r\nb-9-9-99-99-9-9-99-99--|\r\nf-7-7-77-77-7-7-77-77--|\r\nC-------0--0------0--0-|\r\n\r\nc----------------------------------|\r\ng----------------------------------|\r\ne-11-11-1111-1111-14-14-1414-1414--|\r\nb-11-11-1111-1111-14-14-1414-1414--|\r\nf-9--9--9-9--9-9--12-12-1212-1212--|\r\nC-----------0----0----------0----0-|\r\n\r\nthe next bit i found hard to distinguish, i think it is something like this;\r\n\r\nc---------------------------|\r\ng---------------------------|\r\ne-9-9-9-xx-7-7-7-10--x--7-9-|\r\nb-9-9-9-xx-7-7-7-10--x--7-9-|\r\nf-7-7-7-xx-5-5-5-8---x--5-7-|\r\nC---------------------------|\r\n x numerous times\r\n\r\nand/or this\r\n\r\nc---------------------------|\r\ng---------------------------|\r\ne-9-9-9-xx-12-x-16----------|\r\nb-9-9-9-xx-12-x-16----------|\r\nf-7-7-7-xx-10-x-14----------|\r\nC---------------------------|\r\n x numerous times\r\nmeanwhile a second guitar plays some thing high over the top.\r\n\r\nthen back into the chorus\r\n\r\nc-----------------------------------------------------------------------|\r\ng-----------------------------------------------------------------------|\r\ne-12-12-12-xx-11-11-11-xx-5-5-5-xx-9-9-9-xx-3-3-3-xx-7-7-7-xx-----9b~---|\r\nb-12-12-12-xx-11-11-11-xx-5-5-5-xx-9-9-9-xx-3-3-3-xx-7-7-7-xx-7-x-9b~---|\r\nf-10-10-10-xx-9--9--9--xx-3-3-3-xx-7-7-7-xx-1-1-1-xx-5-5-5-xx-7-x-7b~---|\r\nC-------------------------------------------------------------5-x-------|\r\n x4\r\n\r\noutro\r\n(78 x16 then 910 x8 then 89 x8 then 67 x16)\r\nc-------------------------------------------------------------------------|\r\ng-------------------------------------------------------------------------|\r\ne-------------------------------------------------------------------------|\r\nb-------------------------------------------------------------------------|\r\nf-787878787878787878787878787878789109109109109109109109108989898989898989|\r\nC-------------------------------------------------------------------------|\r\n\r\nc------------------------------------|\r\ng------------------------------------|\r\ne------------------------------------|\r\nb------------------------------------|\r\nf-6767676767676767676767676767677----|\r\nC------------------------------------|\r\n', 1),
(8, 1, 'No One Knows', 'We get some rules to follow\r\nThat and this, these and those\r\nNo one knows\r\nWe get these pills to swallow\r\nHow they stick in your throat\r\nTastes like gold\r\nOh, what you do to me\r\nNo one knows\r\n\r\nAnd I realize youre mine\r\nIndeed a fool am I\r\nAnd I realize youre mine\r\nIndeed a fool of mine\r\nAhh\r\n\r\nI journey through the desert\r\nOf the mind with no hope\r\nI found low\r\nI drift along the ocean\r\nDead lifeboats in the sun\r\nAnd come undone\r\nPleasently caving in\r\nI come undone\r\n\r\nAnd I realize youre mine\r\nIndeed a fool am I\r\nAnd I realize youre mine\r\nIndeed a fool am I\r\nAhhh\r\n\r\nHeaven smiles above me\r\nWhat a gift can be love\r\nBut no one knows\r\nA gift that you give to me\r\nNo one knows', 'All strings tuned down 1 step.\r\nLow E is tuned down an extra step for No One Knows.\r\n\r\nGuitar Solo :)\r\n\r\n|----------------------------------------------------------------------|\r\n|--------------------------------------------/15-13-/17-13-/15---------|\r\n|----7/9-9-9/10-10-10/12-12-12/16-16-16~-------------------------------|\r\n|----------------------------------------------------------------------|\r\n|----------------------------------------------------------------------|\r\n|----------------------------------------------------------------------|\r\n\r\n|----------------------------------------------------------------------|\r\n|----------------------------------------------------------------------|\r\n|----/16~-------16p12p10h12~--12p10p9h10~--10p9p9h9~--10p9p9h9/16~-----|\r\n|----------------------------------------------------------------------|\r\n|----------------------------------------------------------------------|\r\n|----------------------------------------------------------------------|\r\n\r\n|----------------------------------------------------------------------|\r\n|----------------------------------------------------------------------|\r\n|--------10-16/17-------10-16/17~------10-16/17~-----------------------|\r\n|-----12-------------12-------------12---------------------------------|\r\n|----------------------------------------------------------------------|\r\n|----------------------------------------------------------------------|\r\n\r\n|--9h12p9----------------------9h12p9----------------------------------|\r\n|-----------10h13p10-------------------10h13p10------------------------|\r\n|---------------------10p9h10--------------------10p9h10---------------|\r\n|----------------------------------------------------------------------|\r\n|----------------------------------------------------------------------|\r\n|----------------------------------------------------------------------|\r\n\r\n|--12p9--------------------------------------10------------------------|\r\n|-------13-12p10-----------10h13p10------------------------------------|\r\n|----------------13-----------------10p9h10----------------------------|\r\n|----------------------------------------------------------------------|\r\n|----------------------------------------------------------------------|\r\n|----------------------------------------------------------------------|\r\n\r\n\r\nBass Riff', 1),
(5, 1, 'Long Slow Goodbye', 'Intro:\r\nE\r\nVerse 1:\r\nE\r\nWhere have you gone again my sweet\r\nEverybody wants to know\r\n\r\nE\r\nWhere have you gone again my sweet\r\nEverybody wants to know.\r\n\r\nG            D         E\r\nWhere you\\''ve gone...\r\n\r\nG            D         E\r\nWhere you\\''ve gone...\r\n\r\nVerse 2:\r\n\r\nBass fill -\r\n\r\nE|--5b6rl5-3-0-|\r\n\r\nE\r\nI\\''m just a ghost, I\\''m on your street\r\nWaitin\\'', when you comin\\'' home?\r\n\r\nG      D           E\r\nGone so long\r\n\r\nG        D         E\r\nWhere you gone?\r\n\r\n\r\nChorus:\r\n\r\n     C    D    E\r\nOn a long slow goodbye?\r\n\r\n     C    D    E\r\nOn a long slow goodbye...\r\n\r\n\r\nVerse 3:\r\n\r\nE\r\nIn every voice, I hear you speak\r\nWaitin\\'' by the telephone\r\n\r\nE\r\nI close my eyes, i just can\\''t sleep\r\nRoll & tumble all night long\r\n\r\nG            D       E\r\n   All night long\r\n\r\nG            D       E\r\n   Where you gone?\r\n\r\nChorus:\r\n\r\n     C    D    E\r\nA long slow goodbye...\r\n\r\n     C    D    E\r\nA long slow goodbye...\r\n\r\n     C    D    E\r\nA long slow goodbye...\r\n\r\n     C    D    E\r\nA long slow goodbye...\r\n\r\nVerse 4:\r\n\r\nE\r\nI close my eyes, I just can\\''t sleep\r\n\r\nE\r\nWhere have you gone again my sweet?\r\n\r\n     C    D         E\r\nOn a long slow goodbye?\r\n\r\n     C    D         E\r\nOn a long slow goodbye...\r\n\r\n     C    D         E\r\nOn a long slow goodbye?\r\n\r\n     C    D         E\r\nOn a long slow goodbye...\r\n\r\nE\r\nGoodbye\r\n', 'E|-0----3---------3---|\r\nB|-0----X----1----2---|\r\nG|-1----0----0----3---|\r\nD|-2----0----2----0---|\r\nA|-2----2----3--------|\r\nE|-0----3-------------|\r\n\r\n   E    G    C    D', 1),
(6, 1, 'Like A Drug', 'Since youre gone, I sat at home\r\nWonder why no Ill never be free\r\nBut the thought of you\r\nGoin with another guy\r\nNo, it could never be me\r\nYou took a ring and pawned our love away\r\nWhat can I say, I am left behind\r\nSo I take a drink, another cigarette\r\nI cant forget that you once were mine\r\n\r\nWhat can I say?\r\nI guess it wasnt meant to be\r\nNow youre gone,\r\nIts just, your love is like a drug\r\n\r\nIts been so long\r\nYour folks have bet you gone\r\nI know that youre alive inside\r\nSo I hope and pray you wont throw this love away\r\nI just wish that you still were mine', 'Normal tuning | Capo 5th Fret\r\n\r\nIntro\r\n|-------2|\r\n|----0---|\r\n|-0------|\r\n|--------|\r\n|--------|\r\n|--------|\r\n\r\n|-------------0-------------|-------------0------------2-|\r\n|---------------------------|-----------------------0----|\r\n|----------0----------------|----------0---------0-------|\r\n|--------2------------0-----|-2------2--------------0----|\r\n|------2---------2----------|------2----------2----------|\r\n|-0-------------------------|-0--------------------------|\r\n\r\nVerse\r\n|-------------0-------------|-------------0--------------|\r\n|---------------------------|----------------------------|\r\n|----------0----------------|----------0-----------------|\r\n|-2------2------------0-----|-2------2--------------0----|\r\n|------2---------2----------|------2----------2----------|\r\n|-0-------------------------|-0--------------------------|\r\n                       12\r\n|---------------------------|-------------0--------------|\r\n|---------------------------|----------------------------|\r\n|-4-----4---4---4-----------|----------0-----------------|\r\n|-4-----4---4---4-----------|--------2------------0------|\r\n|-2-----2---2---2---0-------|------2---------2-----------|\r\n|-----------------------3---|-0--------------------------|\r\n\r\nChorus\r\n|---0-----------0--------|-----0--------------0---|\r\n|---1--------0--1--------|--0--1-----------0--1---|\r\n|---2-----------2--------|-----2--------------2---|\r\n|---2-----------2--------|-----2--------------2---|\r\n|---0-----------0--------|-----0--------------0---|\r\n|------------------------|------------------------|\r\n\r\n|--0--------0------------|------------------------|\r\n|--0--------5\\\\sl\\\\3--0----|------------3-----------|\r\n|--0------------------2--|--0--2/sl/4-------------|\r\n|--2---------------------|------------------------|\r\n|--2---------------------|------------------------|\r\n|--0---------------------|------------------------|', 1),
(7, 1, 'Mosquito Song', 'I know, I know the sun is hot\r\nMosquitoes come and suck your blood\r\nLeave you there all alone\r\nJust skin and bone\r\n\r\nWhen you walk among the trees\r\nListening to the leaves\r\nThe further I go the less I know\r\nThe less I know\r\n\r\nWhere will you run?\r\nWhere will you hide?\r\nLullabies\r\nTo paralyze\r\n\r\nFat and soft, pink and weak\r\nFoot and thigh, tongue and cheek\r\nYou know I\\''m told they swallow you whole\r\nSkin and bone\r\n\r\nCutting boards and hanging hooks\r\nBloody knives, cooking books\r\nPromising you won\\''t feel a thing\r\nAt all\r\n\r\nSwallow and chew\r\nEat you alive\r\nAll of us food that hasn\\''t died\r\nAnd the light says\r\n\r\nSimmering, pick and pluck\r\nTenderize, bone to dust\r\nThe sweetest grease, finest meat you\\''ll ever taste\r\nTaste, taste\r\nSo you scream, whine, and yell\r\nSupple sounds of dinner bell\r\nWe all will feed the worms and trees So don\\''t be shy\r\n\r\nSwallow and chew\r\nEat you alive\r\nAll of us food that hasn\\''t died', 'Tuning: C F Bb Eb G C\r\n\r\nplayed on an acoustic\r\n\r\nh = hammer-on\r\np = pull-off\r\n\r\nverse riff\r\n\r\n|-----0---------------------0-------0---|\r\n|---------0h1---------------1-------0---|\r\n|---2---------0h2-----------0-0-----1---|\r\n|-------2---------0h2p0---2-2-------2-2-|\r\n|-0-------------------0-3---3-----2-2---|\r\n|-------------------------------0---0---|\r\n\r\nchorus riff\r\n\r\n|-----------------0--------------------------0--0------0-----0--0------|\r\n|-3-----3--3------1----1-0h1-----------------0--0------1-----1--1------|\r\n|-2-----2--2------2--2-------0h2-------1-----1--1------2---2-2--2--2-2-|\r\n|-0---0-0--0--0-0-2--------------0h2p0-2---2-2--2--2-2-2---2-2--2--2-2-|\r\n|-0---0-0--0--0-0-0------------------0-2---2-2--2--2-2-0---0-0--0------|\r\n|--------------------------------------0-----0--0----------------------|\r\n\r\n|-----------------0-----0--0-------0-------------|\r\n|-3-----3--3------1-----1--1-------0-------------|\r\n|-2-----2--2------2---2-2--2--2-2--1-------------|\r\n|-0---0-0--0--0-0-2---2-2--2--2-2--2-------------|\r\n|-0---0-0--0--0-0-0---0-0--0-------2-------------|', 1),
(3, 1, 'Burn The Witch', 'Holding hands\r\nSkipping like a stone\r\nOn our way\r\nTo see what we have done\r\nThe first to speak\r\nIs the first to lie\r\nThe children cross\r\nTheir hearts and hope to die\r\n\r\nBite your tongue\r\nSwear to keep your mouth shut\r\n\r\nAsk yourself\r\nWill I burn in Hell?\r\nThen write it down\r\nAnd cast it in the well\r\nThere they are\r\nThe mob it cries for blood\r\nTo twist the tale\r\nInto firewood\r\nFan the flames\r\nWith a little lie\r\nThen turn your cheek\r\nUntil the fire dies\r\nThe skin it peels\r\nLike the truth, away\r\nWhat it was\r\nI will never say...\r\n\r\nBite your tongue\r\nSwear to keep\r\nKeep your mouth shut\r\nMake up something\r\nMake up something good\r\n\r\nHolding hands\r\nSkipping like a stone\r\nBurn the witch\r\nBurn to ash and bone\r\nBurn the witch\r\nBurn to ash and bone\r\nBurn the witch\r\nBurn to ash and bone', 'Intro\r\nE:-----------------------------------\r\nG:-----------------------------------\r\nB:-----------------------------------\r\nD:-2-2-----2-2-----2-2-----2-2-------\r\nA:-2-2-----2-2-----2-2-----2-2---12\\\\-\r\nE:-0-0-----0-0-----0-0-----0-0-------\r\n\r\nVerses\r\nE:-----------------------------------------------\r\nG:-----------------------------------------------\r\nB:------0---------------------0------------------\r\nD:--2-2---2-0--2-2-0------2-2---2-0--2-2-0-------\r\nA:--2-2--------2-2---2-0--2-2--------2-2---2-0---\r\nE:--0-0--------0-0------3-0-0--------0-0-------3-\r\n\r\nChorus\r\nE:------------------------------\r\nB:------------------------------\r\nG:-444444-888888----------------\r\nD:-XXXXXX-XXXXXX-555555-222222--\r\nA:-222222-666666-555555-222222--\r\nE:---------------333333-000000--\r\n X4\r\n\r\nSolo Backing\r\nE:------------------------------\r\nB:------------------------------\r\nG:------------------------------\r\nD:-2-2---------2-2---------2-2--\r\nA:-2-2-2-5-2-5-2-2-2-5-2-5-2-2--\r\nE:-0-0-0-3-0-3-0-0-0-3-0-3-0-0--', 1),
(4, 1, 'Go With The Flow', 'She said \\"I\\''ll throw myself away,\r\nThey\\''re just photos after all\\"\r\nI can\\''t make you hang around.\r\nI can\\''t wash you off my skin.\r\nOutside the frame, is what we\\''re leaving out\r\nYou won\\''t remember anyway\r\nI can go with the flow\r\nBut don\\''t say it doesn\\''t matter (with the flow), matter anymore\r\nI can go with the flow,\r\nI can go\r\nDo you believe it in your head?\r\n\r\nIt\\''s so safe to play along\r\nLittle soldiers in a row\r\nFalling in and out of love\r\nWith something sweet to throw away.---\r\nBut I want something good to die for\r\nTo make it beautiful to live.\r\nI want a new mistake, lose is more than hesitate.\r\nDo you believe it in your head?\r\nI can go with the flow\r\nBut don\\''t say it doesn\\''t matter (with the flow), matter anymore\r\nI can go with the flow,\r\nI can go\r\nDo you believe it in your head?\r\nDo you believe it in your head? x 2', 'Standard tuning\r\n\r\nVerse / Intro\r\n\r\nE-------------------------------------------------------------------\r\nB-------------------------------------------------------------------\r\nG-----------------------------------5-5-5-5-5-5-5-5-----------------\r\nD--2-2-2-2-2-2-2-2-2-2-2-2-2-2-2-2--5-5-5-5-5-5-5-5--7-7-7-7-7-7-7-7\r\nA--2-2-2-2-2-2-2-2-2-2-2-2-2-2-2-2--3-3-3-3-3-3-3-3--7-7-7-7-7-7-7-7\r\nE--0-0-0-0-0-0-0-0-0-0-0-0-0-0-0-0-------------------5-5-5-5-5-5-5-5\r\n\r\nLead\r\n\r\nE-----------------------------------------------------------18/19-19\r\nB--/17-19-17---12---12h13/15-13-12---/17-19-19b--17h19p17-----------\r\nG-------------------------------------------------------------------\r\nD-------------------------------------------------------------------\r\nA-------------------------------------------------------------------\r\nE-------------------------------------------------------------------\r\n\r\nVerse 1 Leads (These babies show up periodically throughout the verse)\r\n\r\nE------------------\r\nB--12h13/15-13-12--\r\n\r\nE--15----------12--\r\nB-------12---------\r\n\r\nE------------------\r\nB--13-----10-----12\r\n\r\nChorus (I can go...)\r\n\r\nE---------------------------------------------------\r\nB---------------------------------------------------\r\nG--5-5-5-5-5-5-5-5--7-7-7-7-7-7-7-7-----------------\r\nD--5-5-5-5-5-5-5-5--7-7-7-7-7-7-7-7--2-2-2-2-2-2-2-2\r\nA--3-3-3-3-3-3-3-3--5-5-5-5-5-5-5-5--2-2-2-2-2-2-2-2\r\nE------------------------------------0-0-0-0-0-0-0-0\r\n\r\nVerse 2 Leads (These are harder to make out. I couldn\\''t get em\\'' all right, but here\\''s what I think...)\r\n\r\nE----------------------------------\r\nB----------------------------------\r\nG--14h16p14h16-13----12----11----9-\r\n\r\nE--15--------12-----------------------------------\r\nB-------12----- then a complex walkdown; end on:--\r\nG------------------------------------------------9\r\n\r\nThe next two are very faint; you can barely hear them:\r\n\r\nE---------\r\nB---------\r\nG---11---9\r\n\r\nE--1514--\r\nB---------\r\nG---------\r\n\r\nChorus / Outro\r\nJust repeat the first chorus, and its the same chords for the outro too...\r\n\r\nDuring the outro, this is played very softly...\r\n\r\nE--15--17--16----- end on --/19\r\nB------------------------------\r\n\r\nChords: Intro/Verse- E C A Chorus/Outro- C D E\r\n\r\nOrder:\r\n\r\nIntro/Lead\r\nVerse\r\nChorus\r\nVerse\r\nChorus/Outro', 1),
(23, 8, 'Amber', 'Brainstorm\r\ntake me away from the norm\r\nI got to tell you something\r\nthis phenomenon\r\nI had to put it in a song\r\nand it goes like\r\n\r\nWhoa, amber is the color of your energy\r\nwhoa, shades of gold displayed naturally\r\nyou ought to know what brings me here\r\nyou glide through my head blind to fear\r\nand I know why\r\nwhoa, amber is the color of your energy\r\nwhoa, shades of gold displayed naturally\r\n\r\nWhoa, amber is the color of your energy\r\nwhoa, shades of gold displayed naturally\r\n\r\nYou live too far away\r\nyour voice rings like a bell anyway\r\ndon\\''t give up your independence\r\nunless it feels so right\r\nnothing good comes easily\r\nsometimes you gotta fight\r\n\r\nWhoa, amber is the color of your energy\r\nwhoa, shades of gold displayed naturally\r\nlaunched a thousand ships in my heart, so easy\r\nstill it\\''s fine from afar, and you know that\r\nwhoa, brainstorm take me away from the norm\r\nwhoa, I got to tell you something', 'Intro:\r\nG.1\r\nE|----------------0--------------------|\r\nB|---------------1-1-------------------|\r\nG|----0-4-0---0-2--------0-4-0--0-4-0--|\r\nD|-2-3----------------2-3--------------|\r\nA|-------------------------------------|\r\nE|-------------------------------------|\r\n\r\n\r\nG.2 (let ring)\r\nE|-7-|\r\nB|-8-|\r\nG|-9-|\r\nD|---|\r\nA|---|\r\nE|---|\r\n\r\nVerse1:\r\nG.1\r\nE|----------------0--------------------|\r\nB|---------------1-1-------------------|\r\nG|----0-4-0---0-2---------0-4-0--0-4-0-|\r\nD|-2-3----------------2-3--------------|\r\nA|-------------------------------------|\r\nE|-------------------------------------|\r\n\r\nChorus1:\r\nG.1\r\nE|----------------0--------------------|\r\nB|---------------1-1-------------------|\r\nG|----0-4-0---0-2---------0-4-0--0-4-0-|\r\nD|-2-3----------------2-3--------------|\r\nA|-------------------------------------|\r\nE|-------------------------------------|\r\n\r\nG.2\r\nE|-8-8-5-5-3-3-3-3-|\r\nB|-5-5-5-5-5-5-5-5-|\r\nG|-5-5-5-5-5-5-5-5-|\r\nD|-----------------|\r\nA|-----------------|\r\n\r\nVerse2:\r\nG.1\r\nE|---------------------------|\r\nB|---------0-1-3-------0-1-3-|\r\nG|------0-2---------0-2------|\r\nD|---2-3---------2-3---------|\r\nA|---------------------------|\r\nE|---------------------------|\r\n\r\nG.2\r\nE|-1-1-1-1-3-3-3-3-|\r\nB|-3-3-3-3-3-3-3-3-|\r\nG|-4-4-4-4-4-4-4-4-|\r\nD|-----------------|\r\nA|-----------------|\r\nE|-----------------|\r\n\r\nSolo 1:\r\nG.1\r\nE|-7/8-8-10-12-10-8-10\\\\9-7--7-7-3-|\r\nB|--------------------------8-8-3-|\r\nG|--------------------------------|\r\nD|--------------------------------|\r\nA|--------------------------------|\r\nE|--------------------------------|\r\n\r\nE|-7/8-8-10-12-10-8-10\\\\9-7--7-10-7-7-8-|\r\nB|-------------------------------------|\r\nG|-------------------------------------|\r\nD|-------------------------------------|\r\nA|-------------------------------------|\r\nE|-------------------------------------|\r\n\r\nSolo 2:\r\nG.1\r\nE|---------------------------|\r\nB|---------0-1-3-------0-1-3-|\r\nG|------0-2---------0-2------|\r\nD|---2-3---------2-3---------|\r\nA|---------------------------|\r\nE|---------------------------|\r\n\r\nG.2\r\nE|---------------------------------------------|\r\nB|-------------------------------------------5-|\r\nG|-2-4-5-4-2-4--4-5-7-5-4-5--5-7--9-7-5-4--4-5-|\r\nD|-3-5-7-5-3-5--3-7-9-7-3-7--7-9-10-9-7-5--3-5-|\r\nA|---------------------------------------------|\r\nE|---------------------------------------------|\r\n\r\nRiff A:\r\nG.1\r\nE|-8-10-12-8-10-12-15-12-10-8\\\\5-|\r\nB|-8-10-12----------------------|\r\nG|-9-10-12----------------------|\r\nD|------------------------------|\r\nA|------------------------------|\r\nE|------------------------------|\r\n\r\nVerse3:\r\nG.2\r\nE|-0-0-0-0-3-----0-------0-----0-------0-3-3-|\r\nB|-1-3-1-3-3----1------3------1------3---3-3-|\r\nG|-2-4-2-4-0---2------4------2------4----0-0-|\r\nD|-2-2-2-2-2--2------2------2------2-----2---|\r\nA|-0-2-0-2-2-0------2------0------2------2---|\r\nE|-----------------0-------------0-----------|\r\n\r\nChorus2:\r\nG.1\r\nE|-------------------5-8-10-12-|\r\nB|-----------2-3-5-8-----------|\r\nG|-----------------------------|\r\nD|-----------------------------|\r\nA|-----------------------------|\r\nE|-----------------------------|\r\n\r\nG.2\r\nE|-8-8-5-5-3-3-3-3-|\r\nB|-5-5-5-5-5-5-5-5-|\r\nG|-5-5-5-5-5-5-5-5-|\r\nD|-----------------|\r\nA|-----------------|\r\nE|-----------------|', 1);
INSERT INTO `songs_tbl` (`id`, `artistId`, `title`, `lyric`, `tab`, `visible`) VALUES
(24, 9, 'Dashboard', 'Well, it would\\''ve been, could\\''ve been\r\nWorse than you would ever know\r\nOh, the dashboard melted\r\nBut we still have the radio\r\n\r\nOh, it should\\''ve been, could\\''ve been\r\nWorse than you would ever know\r\nWell, you told me about nowhere\r\nWell, it sounds like someplace I\\''d like to go\r\n\r\nOh, it could\\''ve been, should\\''ve been\r\nWorse than you would ever know\r\nWell, the windshield was broken\r\nBut I love the fresh air, y\\''know\r\n(The dashboard melted but we still have the radio)\r\n\r\nOh, it would\\''ve been, could\\''ve been\r\nWorse than you would ever know\r\n(The dashboard melted but we still have the radio)\r\nOh, we talked about nothing\r\nWhich was more than I wanted you to know\r\n\r\nNow here we go!\r\n\r\nOh, it would\\''ve been, could\\''ve been\r\nWorse than it had even gone\r\nWell, the car was on blocks\r\nBut I was already where I want\r\n(It was impossible, we ran it good, we ran it good)\r\n\r\nWhy should we ever even\r\nEver really even get to know\r\n(It was impossible, we ran it good, we ran it good)\r\nOh if the world don\\''t like us\r\nIt\\''ll shake us just like we were a cold\r\n\r\nNow here we go!\r\n\r\nWell, we scheme and we scheme but we always blow it\r\nWe\\''ve yet to crash, but we still might as well tow it\r\nStanding at a light switch to each east and west horizon\r\nEvery dawn you\\''re surprising\r\nAnd the evening was consoling\r\nSaying, \\"See, it wasn\\''t quite as bad as\\"\r\nWell, it would\\''ve been, could\\''ve been\r\nWorse than you would ever know\r\n\r\nI was patiently erasing and recording the wrong episodes\r\nAfter you had proved my point wrong\r\nIt wasn\\''t like I\\''d let it go\r\nI just wanted to catch the last laugh of this show\r\n\r\nYeah, it would\\''ve been, could\\''ve been\r\nWorse than you would ever know\r\nOh, the dashboard melted, but we still have the radio\r\n(The dashboard melted, but we ran it good, we ran it good)\r\n\r\nHard-wired to concieve, so much we\\''d have to stow it\r\nEven needs have needs, tiny giants made of tinier giants\r\nDon\\''t wear eyelids so I don\\''t miss the last laugh of this show\r\n(The dashboard melted but we still have the radio)\r\n\r\nOh, we could\\''ve been, should\\''ve been\r\nWorse than you would ever know\r\n(The dashboard melted but we still have the radio)\r\nWell, you told me about nowhere\r\nWell, it sounds like someplace I\\''d like to go\r\n\r\nNow here we go!\r\n\r\nWell, we scheme and we scheme but we always blow it\r\nWe\\''ve yet to crash, but we still might as well tow it\r\nStanding at a light switch to each east and west horizon\r\nEvery dawn you\\''re surprising\r\nAnd the evening was consoling\r\nSaying, \\"See, it wasn\\''t quite as bad as\\"\r\n\r\nOh it would\\''ve been, could\\''ve been\r\nWorse than you would ever know', 'e|--------------------------------------------------------------------------|\r\nB|-14--12------12-----12---12--10------10-----10----------------------------|\r\nG|-11--11------11-----11---11--11------11-----11---12--11-------11------11--|\r\nD|-9---9----9------9-------12--12---12-----12------14--12-------12------12--|\r\nA|--------------------------------------------------14--12---12------12-----|\r\nE|--------------------------------------------------------------------------|\r\n\r\n\r\ne|----------------------------------------------------------|\r\nB|----------------------------------------------------------|\r\nG|--12--11-------11------11----12--11-------11------11------|\r\nD|--14--12-------12------12----14--12-------12------12------|\r\nA|--14--12---12------12--------14--12---12------12----------|\r\nE|----------------------------------------------------------|\r\n\r\nThis is the riff that he plays in between lyrics:\r\nHe variates the picking pattern each time he plays it, but not much.\r\ne|-----------------------------------|\r\nB|-----------------------------------|\r\nG|-----------------------------------|\r\nD|--14-14---14-14--14-14--12-11------|\r\nA|-----------------------------------|\r\nE|-----------------------------------|\r\n\r\nThis is the riff he plays right before the strings/orchestra come(s) in:\r\n\r\ne|-------------------------------------------|\r\nB|-------------------------------------------|\r\nG|---------11-11--9-----------11-11--9-------|\r\nD|--9-9-9--11-11--9----9-9-9--11-11--9-------|\r\nA|--9-9-9--9--9---7----9-9-9--9--9---7-------|\r\nE|--7-7-7--------------7-7-7-----------------|\r\n\r\nHere is the orchestra part tabbed out for guitar:\r\n\r\ne|------------------------------------------------------|\r\nB|------------------------------------------------10----|\r\nG|---------11------------------------11-----------------|\r\nD|--9--12------9h12p9--------9--12------9h12p9----------|\r\nA|----------------------12------------------------------|\r\nE|------------------------------------------------------|', 0),
(25, 12, 'Turn Into', 'I know, what I know, I know\r\nOn the car ride down\r\nI hear it in my head real low\r\nTurn into\r\nThe only thing I ever--\r\n\r\nTurn into\r\nHope I do\r\nTurn into you\r\n\r\nI know, what I know, I know\r\nThat girl you found\r\nKeeps that kind of window closed\r\nShe\\''ll turn into\r\nThe only thing you ever--\r\n\r\nTurn into\r\nHope I do\r\nTurn into you\r\n\r\nCan\\''t say why I kept this from you\r\nMy those quiet eyes become you\r\nLeave it where it can\\''t remind us\r\nTurn this all around behind us\r\nOh! Well I know!\r\nI\\''ll fall right in to keep you out\r\nI\\''d like to tell you all about it\r\n\r\nI know, what I know, I know\r\nIt\\''s last time around\r\nI\\''ll hear it in my head real low\r\nTurn into\r\nThe only thing you ever know\r\n\r\nI know, what I know, I know\r\nAh yes.', 'Verse: C Am Em G\r\n\r\nBridge\r\nAm | F | C C/B | Em(add G)\r\n\r\nSolo w/ octave pedal\r\n\r\ne|------------------0-------3-----7-5-3-5-12-10----12-10-8-7-8---|\r\nB|--1---1-0-1-3-------3-1-0--------------------------------------|\r\nG|--------------2------------------------------------------------|\r\nD|---------------------------------------------------------------|\r\nA|---------------------------------------------------------------|\r\nE|---------------------------------------------------------------|\r\n\r\ne|--7---8-------8-7-5-7------8-7-8-10-10---15---12-10-8----------|\r\nB|----------5-----------5----------------------------------------|\r\nG|---------------------------------------------------------------|\r\nD|---------------------------------------------------------------|\r\nA|---------------------------------------------------------------|\r\nE|---------------------------------------------------------------|\r\n\r\nChords used:\r\nC/B - X20010\r\nEm(add G) - 022003', 1),
(26, 12, 'Gold Lion', 'Gold lion\\''s gonna tell me where the light is\r\nGold lion\\''s gonna tell me where the light is\r\nTake our hands out of control\r\nTake our hands out of control\r\nNow tell me what you saw\r\nTell me what you saw\r\nThere was a crowd of seeds\r\nInside\r\nOutside\r\nI must of done a dozen each\r\nIt was the height I grew\r\nThe weight, the shell was crushing you\r\nI\\''ve been around a few\r\nTell me what you saw\r\nI\\''ll tell you what, too\r\n\r\nGold lion\\''s gonna tell me where the light is\r\nGold lion\\''s gonna tell me where the light is\r\nTake our hands out of control\r\nTake our hands out of control\r\n\r\nOutside\r\nInside\r\nThis is a moon without a tide\r\nWe\\''ll build a fire in your eyes\r\nWe\\''ll build a fire\r\nWhen the colors\r\nGettin\\'' brighter\r\nCold desire\r\nMakes the moon without a tide\r\nTell me what you saw\r\nI\\''ll tell you what too', 'Standard Tuning\r\n\r\nChords:\r\n\r\n    F#   A    E    A\r\ne|--2----5----0----0--|\r\nB|--2----5----0----2--|\r\nG|--3----6----1----2--|\r\nD|--4----7----2----2--|\r\nA|--4----7----2----0--|\r\nE|--2----5----0----0--|\r\n\r\nSolo:\r\n\r\ne|--14----12----------12--------------------------------------------|\r\nB|--------------14----------14----12----------------------12--------|\r\nG|--------------------------------------14----11----14--------------|\r\nD|------------------------------------------------------------------|\r\nA|------------------------------------------------------------------|\r\nE|------------------------------------------------------------------|\r\n\r\ne|--14----12----------12--------------------------------------------|\r\nB|--------------14----------14----12--------------------------------|\r\nG|--------------------------------------14----11----14----9---/11~--|\r\nD|------------------------------------------------------------------|\r\nA|------------------------------------------------------------------|\r\nE|------------------------------------------------------------------|\r\n\r\nOutro at end of song:\r\n\r\ne|----------------------------------------12------------------------|\r\nB|--------------------------14--12------------14--------------------|\r\nG|--11--------13--14------------------------------------14--13------|\r\nD|------------------------------------------------------------------|\r\nA|------------------------------------------------------------------|\r\nE|------------------------------------------------------------------|\r\n\r\n', 1),
(27, 1, 'The Lost Art Of Keeping A Secret', 'I\\''ve got a secret, I cannot say\r\nBlame all the movement to give it away\r\nYou\\''ve got somethin, I understand\r\nHolding it tightly, caught on command\r\nLeap of faith, do you doubt?\r\nCut you in, I just cut you out\r\n\r\n[chorus:]\r\nWhatever you do\r\nDon\\''t tell anyone\r\nWhatever you do\r\nDon\\''t tell anyone\r\n\r\nLook for reflections, in your face\r\nCanine devotion, time can\\''t erase\r\nOut on the corner, locked in your room\r\nI never believe them and I never assume\r\nStill can\\''t believe there is a lie\r\nPromises promise, an eye for an eye\r\nWe\\''ve got something to reveal\r\nNo one can know how we feel\r\n\r\n[repeat chorus 2x]\r\n\r\nI think you already know\r\nHow far I\\''d go not to say\r\nYou know the art is gone\r\nAnd I\\''m taking this all to the grave', 'Tuning - C F Bb Eb G C\r\n\r\nverse:\r\n------------------------------------------------------------------------|\r\n---8-8-8-8-8-8-8-8------------------------------------------------------|\r\n---9-9-9-9-9-9-9-9--8-8-8-8-8-8-8-8--7-7-7-7-7-7-7-7--6-6-6-6-6-6-6-6---|\r\n---9-9-9-9-9-9-9-9--9-9-9-9-9-9-9-9--8-8-8-8-8-8-8-8--7-7-7-7-7-7-7-7---|\r\n---7-7-7-7-7-7-7-7--9-9-9-9-9-9-9-9--8-8-8-8-8-8-8-8--7-7-7-7-7-7-7-7---|\r\n--------------------7-7-7-7-7-7-7-7--6-6-6-6-6-6-6-6--5-5-5-5-5-5-5-5---|\r\npalm mute---------------------------------------------------------------|\r\n\r\n--------------|\r\n--------------|\r\n--------------|\r\n---7b--5------|\r\n----------7---|\r\n--------------|\r\n\r\nchorus riff 1 (guitar 1):\r\n------------------------------------------------------------------------------|\r\n--8-8-8-8-8-8-8-8-------------------------------------------------------------|\r\n--9-9-9-9-9-9-9-9--8-8-8-8-8-8-8-8--7-7-7-7-7-7-7-7--4-4-4-4-4-4-4-4--6--8----|\r\n--9-9-9-9-9-9-9-9--9-9-9-9-9-9-9-9--8-8-8-8-8-8-8-8--5-5-5-5-5-5-5-5--7--9----|\r\n--7-7-7-7-7-7-7-7--9-9-9-9-9-9-9-9--8-8-8-8-8-8-8-8--5-5-5-5-5-5-3-3--7--9----|\r\n-------------------7-7-7-7-7-7-7-7--6-6-6-6-6-6-6-6--3-3-3-3-3-3-3-3--5--7----|\r\n\r\nchorus riff 1 (guitar 2):\r\n-----------------------------------------------------------------------|\r\n-----------------------------------------------------------------------|\r\n---9-9-9-9-9-9-9-9--16-16-16-16-16-16-16-16--15-15-15-15-15-15-15-15---|\r\n---9-9-9-9-9-9-9-9--16-16-16-16-16-16-16-16--15-15-15-15-15-15-15-15---|\r\n---7-7-7-7-7-7-7-7--14-14-14-14-14-14-14-14--13-13-13-13-13-13-13-13---|\r\n-----------------------------------------------------------------------|\r\n\r\n----------------------------|\r\n----------------------------|\r\n---12-12-12-12-12--14--16---|\r\n---12-12-12-12-12--14--16---|\r\n---10-10-10-10-10--12--14---|\r\n----------------------------|\r\n\r\nchorus riff 2 (guitar 1):\r\n-------------------------------------------------------------------------|\r\n---8-8-8-8-8-8-8-8-------------------------------------------------------|\r\n---9-9-9-9-9-9-9-9--7-7-7-7-7-7-7-7--4-4-4-4-4-4-4-4--3-3-3-3--2-2-2-2---|\r\n---9-9-9-9-9-9-9-9--8-8-8-8-8-8-8-8--5-5-5-5-5-5-5-5--4-4-4-4--3-3-3-3---|\r\n---7-7-7-7-7-7-7-7--8-8-8-8-8-8-8-8--5-5-5-5-5-5-5-5--4-4-4-4--3-3-3-3---|\r\n--------------------6-6-6-6-6-6-6-6--3-3-3-3-3-3-3-3--2-2-2-2--1-1-1-1---|\r\n\r\nchorus riff 2 (guitar 2):\r\n-----------------------------------------------------------------------------|\r\n-----------------------------------------------------------------------------|\r\n---9-9-9-9-9-9-9-9--15-15-15-15-15-15-15--12-12-12-12-12-12-12-11-11-11-11---|\r\n---9-9-9-9-9-9-9-9--15-15-15-15-15-15-15--12-12-12-12-12-12-12-11-11-11-11---|\r\n---7-7-7-7-7-7-7-7--13-13-13-13-13-13-13--10-10-10-10-10-10-10--9--9--9--9---|\r\n-----------------------------------------------------------------------------|\r\n\r\n-----------------|\r\n-----------------|\r\n---10-10-10-10---|\r\n---10-10-10-10---|\r\n----8--8--8--8---|\r\n-----------------|\r\n\r\nbridge (guitar 1):\r\n----------------------------------------------------------------------|\r\n----------------------------------------------------------------------|\r\n--------------------------------------------16-16-16-16-16-16-16-16---|\r\n---8-8-8-8-8-8-8-8-10-10-10-10-10-10-10-10----------------------------|\r\n---8-8-8-8-8-8-8-8-10-10-10-10-10-10-10-10--14-14-14-14-14-14-14-14---|\r\n---6-6-6-6-6-6-6-6--8--8--8--8--8--8--8--8----------------------------|\r\n\r\n---------------------------------------------|\r\n---------------------------------------------|\r\n---------------------------------------------|\r\n---8-8-8-8-8-8-8-8-10-10-10-10-10-10-10-10---|\r\n---8-8-8-8-8-8-8-8-10-10-10-10-10-10-10-10---|\r\n---6-6-6-6-6-6-6-6--8--8--8--8--8--8--8--8---|\r\n\r\nbridge (guitar 2):\r\n--------------------------------------------------------------------------------|\r\n--------------------------------------------------------------------------------|\r\n---15-15-15-15-15-15-15-15--17-17-17-17-17-17-17-17--16-16-16-16-16-16-16-16-16-|\r\n---15-15-15-15-15-15-15-15--17-17-17-17-17-17-17-17-----------------------------|\r\n---13-13-13-13-13-13-13-13--15-15-15-15-15-15-15-15--14-14-14-14-14-14-14-14-14-|\r\n--------------------------------------------------------------------------------|\r\n\r\n------------------------------------------------------|\r\n------------------------------------------------------|\r\n---15-15-15-15-15-15-15-15--17-17-17-17-17-17-17-17---|\r\n---15-15-15-15-15-15-15-15--17-17-17-17-17-17-17-17---|\r\n---13-13-13-13-13-13-13-13--15-15-15-15-15-15-15-15---|\r\n------------------------------------------------------|\r\n\r\nsolo:\r\n-----------12-----15--13------------12-----15--13-----------15----18---18---17--|\r\n---11--12--15b----18b-16b---11--12--15b----18b-16b--11--12--18b---21b--21b--20b-|\r\n---14b-15b------------------14b-15b-----------------14b-15b---------------------|\r\n--------------------------------------------------------------------------------|\r\n--------------------------------------------------------------------------------|\r\n--------------------------------------------------------------------------------|\r\n\r\nend (guitar 1):\r\n--------------------|\r\n--------------------|\r\n-------9\\\\-----------|\r\n-------9\\\\---5-7-9---|\r\n-------7\\\\---5-7-9---|\r\n---0-0------3-5-7---|\r\n\r\nguitar 2:\r\n-----------------------|\r\n-----------------------|\r\n-------9\\\\---12-14-16---|\r\n-------9\\\\---12-14-16---|\r\n-------7\\\\---10-12-14---|\r\n---0-0-----------------|', 1),
(28, 1, 'Into The Hollow', 'Avoir, Adieu, Goodnight\r\nIm too wrong, to get right\r\nBut I cant wait forever\r\nIve always been alone\r\nA fool believes hes clever\r\nDont you wanna go into the Hollow ?\r\nI wont go it alone\r\nArent you gonna follow ?\r\n\r\nI live behind my eyes\r\nBe sure to keep the surprise\r\nI break what Ive already borrowed\r\nThats why I always go\r\nalone into tomorrow\r\nDont you wanna go into the Hollow ?\r\nDont wanna go alone, arent you gonna follow ?\r\nInto the Hollow', 'Standard Tuning\r\n\r\n\r\nIntro\r\n\r\n<> Natural Harmonics\r\n|e|-<12>--<7>--<5>--<7>-|---|-------|\r\n|B|---------------------|---|-------|\r\n|G|---------------------|-x2|-------|\r\n|D|---------------------|---|-------|\r\n|A|---------------------|---|-2/(7)-|\r\n|E|---------------------|---|-------|\r\n\r\nRiff A\r\n|e|------------------------|----|----------------------|\r\n|B|------------------------|----|----------------------|\r\n|G|------------------------|----|----------------------|\r\n|D|------------------5b6---|-x3-|----------------------|\r\n|A|--7--7--5h7--5h7--------|----|--7--7--5h7--5h7---5--|\r\n|E|------------------------|----|----------------------|\r\n\r\n\r\nVerse\r\n\r\n|e|----------------------|--------------------|------------------------|----------------------|\r\n|B|----------------------|--------------------|------------------------|----------------------|\r\n|G|----------------------|--------------------|------------------------|----------------------|\r\n|D|--5--5--5-5-5---------|------------5b6-----|------------------5b6---|----------------------|\r\n|A|---------------/7--5--|--5--5-5-5-------7--|--7--7--5h7--5h7--------|--7--7--5h7--5h7---5--|\r\n|E|----------------------|--------------------|------------------------|----------------------|\r\n\r\n|e|----------------------|--------------------|------------------------|----------------------|\r\n|B|----------------------|--------------------|------------------------|----------------------|\r\n|G|----------------------|--------------------|------------------------|----------------------|\r\n|D|--5--5--5-5-5---------|------------5b6-----|------------------5b6---|----------------------|\r\n|A|---------------/7--5--|--5--5-5-5-------7--|--7--7--5h7--5h7--------|--7--7--5h7--5h7------|\r\n|E|----------------------|--------------------|------------------------|-------------------0--|\r\n\r\n\r\nPre-Chorus\r\n\r\nBass\r\n\r\n|G|-------------------|-------------------|------------------|----------------|\r\n|D|-------------------|-------------------|------------------|----------------|\r\n|A|-------------------|-------------------|-------6-6-6-6----|---6-6---6---6\\\\-|\r\n|E|-3-3-3-3-3-3-3-3---|-5-5-5-5-5-5-5-5---|-2-2-2----------2-|-2-----2---2----|\r\n\r\n|G|-------------------|-------------------|------------------|------------------|\r\n|D|-------------------|-------------------|------------------|------------------|\r\n|A|-------------------|-------------------|-------6-6-6-6----|---6-6----6-4-----|\r\n|E|-3-3-3-3-3-3-3-3---|-5-5-5-5-5-5-5-5---|-2-2-2----------2-|-2-----2------7-6-|\r\n\r\n\r\nCHORUS\r\n\r\nBass\r\n\r\n|G|-----------------|-------------------|------------------|------------------|\r\n|D|-----------------|-------------------|------------------|------------------|\r\n|A|-----5-----5---5-|-----7-----7---7---|-----6---9--6---6-|---9-6---9-7-5-4--|\r\n|E|-3-3---3-3---3---|-5-5---5-5---5-----|-7-7---7------7---|-7-----7----------|\r\n\r\n|G|-----------------|-----------------|-----------------|-----------------|\r\n|D|-----------------|-----------------|-----------------|-----------------|\r\n|A|-----5---5---5---|-----7---7---7---|-----9---9---9---|-9-6---6-9-7-6-4-|\r\n|E|-3-3---3---3---3-|-5-5---5---5---5-|-7-7---7---7---7-|-----7-----------|\r\n\r\n\r\nFill 1\r\n|e|----------------------|----|--------------------|--------------------|\r\n|B|----------------------|----|--------------------|--------------------|\r\n|G|--0--0-------------4--|----|--0--0--------------|--0--0--------------|\r\n|D|---------4/5-4/5---5--|-x6-|---------4/5-4/5----|--------------------|\r\n|A|--7--7---5h7-5h7------|----|--7--7---5h7-5h7----|--7--7--5-7-5-------|\r\n|E|----------------------|----|--------------------|--------------7-5-3-|\r\n', 1),
(29, 1, '3\\''s And 7\\''s', 'Lie, lie to my face\r\nTell me it ain\\''t nothing\r\nThat\\''s what I wanna hear\r\nTake the lie to the grave\r\nThat\\''s what an old friend told me\r\nLook what it did for him\r\n\r\nThe truth hurts so bad\r\nWouldn\\''t you say?\r\nSo why tell it?\r\nIf ignorance is bliss\r\nThen I\\''m in heaven now\r\n\r\nRun, you\\''ll never escape\r\nYou see you\\''d go nowhere\r\nSoon you will appear\r\nBroke, laid to waste\r\nTurn into sweet nothings\r\nKiss you goodbye\r\n\r\nThe truth hurts so bad\r\nWouldn\\''t you say?\r\nSo why tell it?\r\nIf ignorance is bliss\r\nThen I\\''m in heaven now\r\n\r\nI keep going over and over again\r\nTo never ending places I\\''ve never been\r\nNo one\\''s catching on, calling my bluff\r\nThe devil made me holier than every man\r\nWhat you do, say it with a smile boy\r\nMaking us all forget', 'Tabbed for STANDARD TUNING by Rex Monday\r\n\r\nMain Riff\r\ne|-----------------------------------------------|\r\nB|-----------------------------------------------|\r\nG|-----------------------------------------------|\r\nD|-x-x-x-x-8-8-x-6-6-8-8-x-x-6-6-5-3--3-x-x-x-x--|\r\nA|-x-x-x-x-8-8-x-4-4-8-8-x-x-6-6-3-3--3-x-x-x-x--|\r\nE|-x-x-x-x-6-6-x-4-4-6-6-x-x-4-4-3-1--1-x-x-x-x--|\r\n\r\nLead riff (with main riff)\r\ne|-11b(13)-------------------------------------------------|\r\nB|---------12b(14)--9b(11)---------------------------------|\r\nG|-------------------------8b(10)-8b(10)---6b(7)r(6)-------|\r\nD|---------------------------------------------------8--8--|\r\nA|---------------------------------------------------------|\r\nE|---------------------------------------------------------|\r\n\r\n(not finished yet)\r\n-----------------------------------------------------------------\r\n----------------------------------------------------------------\r\nChorus\r\nLeft Channel Guitar\r\nC |---------------------------------------------|\r\nG |---------------------------------------------|\r\nEb|---------------------------------------------|\r\nBb|-6-6--8-8--10-10--6-6--6-6--8-8--8-8--10-10--|\r\nF |-6-6--8-8--10-10--6-6--6-6--8-8--8-8--10-10--|\r\nC |-4-4--6-6--8--8---4-4--4-4--6-6--6-6--8--8---|\r\n\r\nC |-------------------------------------------------------------|\r\nG |-------------------------------------------------------------|\r\nEb|-------------------------------------------------------------|\r\nBb|-6-6--8-8--10-10--6-6--6-6--8-8--8-8--10-10--10-11-11-11-11--|\r\nF |-6-6--8-8--10-10--6-6--6-6--8-8--8-8--10-10--10-11-11-11-11--|\r\nC |-4-4--6-6--8--8---4-4--4-4--6-6--6-6--8--8---8--9--9--9--9---|\r\n\r\nThe Bridge\r\nLeft Channel Guitar\r\nC |------------------------------------------------------------------------------------------|\r\nG |------------------------------------------------------------------------------------------|\r\nEb|------------------------------------------------------------------------------------------|\r\nBb|-7---7---10---10---9---9---15---15/17-14---14---17---17---19-19-19-19~-17-15-15-15-15-15--|\r\nF |-7---7---10---10---9---9---x----x--x--x----x----x----x----x--x--x--x---x--x--x--x--x--x---|\r\nC |-5-0-5-0-8--0-8--0-7-0-7-0-13-0-13/15-12-0-12-0-15-0-15-0-17-17-17-17~-15-13-13-13-13 13--|\r\n\r\nC |------------------------------------------------------------------------------------------|\r\nG |------------------------------------------------------------------------------------------|\r\nEb|------------------------------------------------------------------------------------------|\r\nBb|-7---7---10---10---9---9---15---15/17-14---14---17---17---19-19-19-19~-17-15-15-15-15-15--|\r\nF |-7---7---10---10---9---9---x----x--x--x----x----x----x----x--x--x--x---x--x--x--x--x--x---|\r\nC |-5-0-5-0-8--0-8--0-7-0-7-0-13-0-13/15-12-0-12-0-15-0-15-0-17-17-17-17~-15-13-13-13-13 13--|\r\n\r\nC |------------------------------------------------------------------------------------|\r\nG |------------------------------------------------------------------------------------|\r\nEb|------------------------------------------------------------------------------------|\r\nBb|-19---19---17---17---16---16---15-15-17-14~--19---19-19-19-19-19-17-15-15-15-15-15--|\r\nF |-x----x----x----x----x----x----x--x--x--x----x----x--x--x--x--x--x--x--x--x--x--x---|\r\nC |-17-0-17-0-15-0-15-0-14-0-14-0-13-13-15-12~-/17~--17-17-17-17-17-15-13-13-13-13-13--|\r\n\r\nC |------------------------------------------------------------------------------------|\r\nG |------------------------------------------------------------------------------------|\r\nEb|------------------------------------------------------------------------------------|\r\nBb|-19---19---17---17---16---16---15-15-17-14~--19---19-19-19-19-19-17-15-15-15-15-15--|\r\nF |-x----x----x----x----x----x----x--x--x--x----x----x--x--x--x--x--x--x--x--x--x--x---|\r\nC |-17-0-17-0-15-0-15-0-14-0-14-0-13-13-15-12~-/17~--17-17-17-17-17-15-13-13-13-13-13--|\r\n\r\nC |----------------------------------------------------------------------------------------|\r\nG |----------------------------------------------------------------------------------------|\r\nEb|----------------------------------------------------------------------------------------|\r\nBb|-7---------------------------------------------7----------------------------------------|\r\nF |-7---------------------------------------------7---17-17-17-17-17-19-20-20-20-20-20-19--|\r\nC |-5---13-13-13-13-13-13-12-10-10-10-10-10-10-12-5----------------------------------------|\r\n\r\nC |---------------------------------------------|\r\nG |---------------------------------------------|\r\nEb|---------------------------------------------|\r\nBb|-7---15-15-15-15-15-17-19-19-19-19-19-19b20--|\r\nF |-7-------------------------------------------|\r\nC |-5-------------------------------------------|\r\n\r\nThe Bridge\r\nRight Channel Guitar\r\nC |----------------------------------------------------------------------------------------|\r\nG |----------------------------------------------------------------------------------------|\r\nEb|----------------------------------------------------------------------------------------|\r\nBb|-7---7---10---10---9---9---12---12/14-11--11--14---14---15-15-15-15~-14-12-12-12-12-12--|\r\nF |-7---7---10---10---9---9---x----x--x--x---x---x----x----x--x--x--x---x--x--x--x--x--x---|\r\nC |-5-0-5-0-8--0-8--0-7-0-7-0-10-0-10/12-9-0-9-0-12-0-12-0-13-13-13-13~-12-10-10-10-10 10--|\r\n\r\nC |----------------------------------------------------------------------------------------|\r\nG |----------------------------------------------------------------------------------------|\r\nEb|----------------------------------------------------------------------------------------|\r\nBb|-7---7---10---10---9---9---12---12/14-11--11--14---14---15-15-15-15~-14-12-12-12-12-12--|\r\nF |-7---7---10---10---9---9---x----x--x--x---x---x----x----x--x--x--x---x--x--x--x--x--x---|\r\nC |-5-0-5-0-8--0-8--0-7-0-7-0-10-0-10/12-9-0-9-0-12-0-12-0-13-13-13-13~-12-10-10-10-10 10--|\r\n\r\nC |-----------------------------------------------------------------------------|\r\nG |-----------------------------------------------------------------------------|\r\nEb|-----------------------------------------------------------------------------|\r\nBb|-7---7---10--10--9---9---12-12-14-11~-14---15-15-15-15-15-14-12-12-12-12-12--|\r\nF |-x---x---x---x---x---x---x--x--x--x---x----x--x--x--x--x--x--x--x--x--x--x---|\r\nC |-5-0-5-0-8-0-8-0-7-0-7-0-10-10-12-9~-/12~--13-13-13-13-13-12-10-10-10-10-10--|\r\n\r\nC |-----------------------------------------------------------------------------|\r\nG |-----------------------------------------------------------------------------|\r\nEb|-----------------------------------------------------------------------------|\r\nBb|-7---7---10--10--9---9---12-12-14-11~-14---15-15-15-15-15-14-12-12-12-12-12--|\r\nF |-x---x---x---x---x---x---x--x--x--x---x----x--x--x--x--x--x--x--x--x--x--x---|\r\nC |-5-0-5-0-8-0-8-0-7-0-7-0-10-10-12-9~-/12~--13-13-13-13-13-12-10-10-10-10-10--|\r\n\r\nC |----------------------------------------------------------------------------------------------|\r\nG |----------------------------------------------------------------------------------------------|\r\nEb|----------------------------------------------------------------------------------------------|\r\nBb|-7---------------------------------------------7----------------------------------------------|\r\nF |-7---------------------------------------------7----------------------------------------------|\r\nC |-5---13-13-13-13-13-13-12-10-10-10-10-10-10-12-5---17-17-17-17-17-17-15-13-13-13-13-13-13-15--|\r\n\r\nC |------------------------------------------|\r\nG |------------------------------------------|\r\nEb|------------------------------------------|\r\nBb|-7----------------------------------------|\r\nF |-7----------------------------------------|\r\nC |-5---13-13-13-13-13-15-17-17-17-17-17-17--|\r\n\r\nEnd Solo\r\nC |---------------------------------------------------------------------------------------------------|\r\nG |-15----18p15-18p15-15h18p15----15--18/22-17~--17b18-17-15h17p15-13-15-13b15r13-10-13-8-10-----14~--|\r\nEb|-17b19----------------------17----------------------------------------------------------------x----|\r\nBb|------------------------------------------------------------------------------------------/14-14~--|\r\nF |---------------------------------------------------------------------------------------------------|\r\nC |---------------------------------------------------------------------------------------------------|\r\n\r\nC |-------------------------------------------------------------------10--------------------------|\r\nG |-10-10-10-10-10-8-11-11-11-11-11-10--6-8--14-14-14-14-14---------------------------------------|\r\nEb|-x--x--x--x--x--x-x--x--x--x--x--x---x-x--x--x--x--x--x---10-12b14----12~-10-10-10-------------|\r\nBb|-10-10-10-10-10-8-12-12-12-12-12-10--7-8--14-14-14-14-14---------------------------------------|\r\nF |-----------------------------------------------------------------------------------12-10~-12~--|\r\nC |-----------------------------------------------------------------------------------------------|\r\n\r\nC |------------------------------------------------------------------------------------------------------------|\r\nG |------------------------------------------------------------------------------------------------------------|\r\nEb|------------------------------------------------------------------------------------------------------------|\r\nBb|----------------------------------------10-----11~---------------10---------------------------------12/14~--|\r\nF |-10b11r10-8----10b11r10-8----10b11r10-8--------x---------8-10b12----10-8~-----------8-10b12-10p8-10---------|\r\nC |------------10------------10---------------/12-12~--8h10------------------10~--8h10-------------------------|\r\n\r\nC |--------------------------------------------------------------------------------------------------------------|\r\nG |--------------------------------------------------------------------------------------------------------------|\r\nEb|--------------------------------------------------------------------------------------------------------------|\r\nBb|-14-14h15p14p12p14---/19-15~--17h15-15p14-15p14----17-14~--14-14h15p14p12p14---/19-15~--17h15-15p14-15p14-14--|\r\nF |-------------------8----------------------------12---------------------------8--------------------------------|\r\nC |--------------------------------------------------------------------------------------------------------------|', 1),
(54, 15, 'Do It Twice', '[G]you know that i lo[C]ve you    [G]baby but you just won\\''t let [C]me\r\n[G]you know that i lo[C]ve youuuu [G]baby but you just won\\''t let [C]me,cuz every\r\n[G]morning i get up, i [Em]sip my cup my [C]eyes get red...no one to [G]help me\r\n[G]one more thing i\\''d [Em]like to say [C]baby but you just won\\''t let [G]me\r\n\r\nit\\''s [G]baby [C]your so nice, [G]i\\''d like to do the [C]same thing twice\r\n     [G]baby [C]your so nice, [G]i\\''d like to do the [C]same thing twice\r\n    i[G]luuuu[C]uuuuuv you so [G]much   sooo[C]oooo\r\n    i[G]luv you [C]i luv you so [G] much so [C] much yea yea yeah\r\n\r\n[G] and [C] for a while over organ\r\n\r\n[G]i live in the [C]woods alone, i [G]need your company, [C]company\r\n[G]BABY..........[C]woods alone, i [G]need your company, [C]yeah, cuz every\r\n[G]morning i get up, i [Em]sip my cup, my [C]eyes get red...no one to [G]help me\r\n[G]one more thing i\\''d [Em]like to say here [C]baby but you just won\\''t let [G]me\r\n\r\nit\\''s [G]baby [C]your so nice, [G]i\\''d like to do the [C]same thing twice\r\n     [G]baby [C]your so nice, [G]i\\''d like to do the [C]same thing twice\r\n    i[G]luuuu[C]uuuuuv you so [G]much,    soo [C]much', 'Intro\r\n|----------------------------------------|\r\n|----------------------------1-----------|\r\n|----------------------------2-----------|\r\n|-2~~~~-0-2-3-2-0---0-2-0----2-----------|\r\n|-----------------3-------3--0-----------|\r\n|----------------------------------------|', 1),
(30, 1, 'Monsters In The Parasol', 'The walls are closing in again, oh well\r\nThe walls are closing in again, oh well\r\nI seen some thing I thought I never saw\r\nCovered in hair\r\nPaul\\''s dad is warped and bubbling, oh well\r\nPaul\\''s dad is warped and bubbling, oh well\r\nAnd my mind is out here on another wave\r\nCovered in hair\r\n\r\nShe won\\''t grow\r\n\r\n[chorus:]\r\nYou\\''ve got a monster (distress) in your parasol (body out??)\r\nYou\\''ve got a monster (dwarves, doors?) in your parasol (of course)\r\nYou\\''ve got a monster (displeasure) in your parasol (I told you??)\r\nYou\\''ve got a monster (?) in your parasol (xnay?)\r\nPaul\\''s sister is an alien, oh well\r\n\r\nPaul\\''s sister is an alien, oh well\r\nI seen some things I thought I never saw\r\nCovered in hair\r\n\r\nShe won\\''t grow\r\n\r\nYou\\''ve got a monster (distress, my pest?) in your parasol\r\nYou\\''ve got a monster (drawves) in your parasol (war horse)\r\nYou\\''ve got a monster (displeasure) in your parasol (?)\r\nYou\\''ve got a hole in you I never saw (??)\r\nIn your parasol, in your parasol', 'Tuning - C F Bb Eb G C\r\n\r\nintro/verse:\r\n-----------------------------|-----------------|\r\n-----------------------------|-----------------|\r\n---6-6-6-6-6-6-6-6-6-6-6-6---|---4-4-4-4-4-4---|\r\n---6-6-6-6-6-6-6-6-6-6-6-6---|---4-4-4-4-4-4---|\r\n---4-4-4-4-4-4-4-4-4-4-4-4---|---2-2-2-2-2-2---|\r\n-----------------------------|-----------------|\r\n\r\nverse fill 1:\r\n-------|\r\n---4---|\r\n---6---|\r\n-------|\r\n-------|\r\n-------|\r\n\r\nverse fill 2:\r\n-------|\r\n---8---|\r\n---6---|\r\n-------|\r\n-------|\r\n-------|\r\n\r\nintro\r\n\r\nverse fill 1 4x\r\n\r\npre-chorus: guitar 1 (left channel)\r\n--------------------------|\r\n--------------------------|\r\n--------------------------|\r\n---11-10-9-8-9-10-11-10---|\r\n--------------------------|\r\n--------------------------|\r\n\r\nguitar 2 (right channel):\r\n---------------------|\r\n---------------------|\r\n---------------------|\r\n---------------------|\r\n---9-8-7-6-7-8-9-8---|\r\n---------------------|\r\n\r\npre-chorus:\r\nriff 1:\r\n------------------------------------|\r\n------------------------------------|\r\n---12-12-12-12-12-12--9-9-9-9-9-9---|\r\n---12-12-12-12-12-12--9-9-9-9-9-9---|\r\n---10-10-10-10-10-10--7-7-7-7-7-7---|\r\n------------------------------------|\r\n\r\n------------------------------------------|\r\n------------------------------------------|\r\n---14-14-14-14-14-14--15-15-15-15-15-15---|\r\n---14-14-14-14-14-14--15-15-15-15-15-15---|\r\n---12-12-12-12-12-12--13-13-13-13-13-13---|\r\n------------------------------------------|\r\n\r\nchorus: guitar 1\r\n---------------------------------|\r\n---------------------------------|\r\n---13-13-13-13-13----------------|\r\n------------------14-14-14-14-14-|\r\n---------------------------------|\r\n---------------------------------|\r\n\r\n-----------------------------------------------|\r\n-----------------------------------------------|\r\n------------------13-12-13----------13-12-13---|\r\n---12-12-12-12-12----------12-12-12------------|\r\n-----------------------------------------------|\r\n-----------------------------------------------|\r\n\r\nguitar 2:\r\n------------------------------|\r\n-------------------------11---|\r\n--------------------9-11------|\r\n--------11-10---11------------|\r\n---9--------------------------|\r\n------------------------------|\r\n\r\nend on: guitar 1 (left channel)\r\n--------------------------|\r\n--------------------------|\r\n--------------------------|\r\n---11-10-9-8-9-10-11-10---|\r\n--------------------------|\r\n--------------------------|\r\n\r\nguitar 2 (right channel):\r\n---------------------|\r\n---------------------|\r\n---------------------|\r\n---------------------|\r\n---9-8-7-6-7-8-9-8---|\r\n---------------------|', 1),
(31, 1, 'Suture Up Your Future', 'I\\''m gonna suture up my future\r\nI ain\\''t jaded\r\nI just hate it\r\nSee, I been down too long\r\nIt\\''s kinda hard to explain\r\nDone and buried\r\nAll I carried\r\nAll my evil\r\nThrough a needle\r\nAs it pull through the eye\r\nWhat was and what will\r\nThey\\''re all gone\r\n\r\nDon\\''t\r\nSweat it\r\nThread it\r\nTo forget it\r\nTo feel like you\\''ve already gone\r\nTo the rest of\r\nThe rest of the life that you\\''ve got\r\nTake a picture\r\nBury it all away\r\nBury it all away, yeah\r\n\r\nTry to fake it\r\nI just can\\''t take it\r\nI don\\''t care if it hurts\r\nJust so long as it\\''s real\r\nI won\\''t waste it\r\nI turn to face it\r\nI\\''d sharpen the knife\r\nThen used it to bone\r\nMade it dull\r\nTried explaining unexplaining\r\nGot caught in the plan\r\nAll this talking at once\r\nI\\''ve been giving my love away\r\nTo the things that tear it apart\r\nI\\''m gonna suture up my future\r\n\r\nThread it\r\nTo forget it\r\nTo feel like you\\''ve already gone\r\nTo the rest of\r\nThe rest of the life that you\\''ve got\r\nTie the loose ends\r\nBury it all away\r\nIt\\''s like there\\''s\r\nIt\\''s like there\\''s\r\n', 'C standard tuning\r\n\r\nIntro\r\n|----0~----0~------|\r\n|----0~----0~------|\r\n|-3~----4~----/8~--|\r\n|------------------|\r\n|------------------|\r\n|------------------|\r\n\r\nBass Line\r\n|-------------|\r\n|---------13/-|\r\n|------11-----|\r\n|-9-12--------|\r\n\r\nOccasionaly there are some lead lines that match the vocals like this\r\n|-------------------------|\r\n|-------------16----------|\r\n|-13-16-15-16----16-15-16-|\r\n|-------------------------|\r\n|-------------------------|\r\n|-------------------------|\r\n\r\nThen another guitar comes in with this\r\n|--------------------------------|\r\n|--------------------------------|\r\n|--------------------------------|\r\n|-11/----11/----11/----11-11/----|\r\n|--------------------------------|\r\n|--------------------------------|\r\n\r\nChorus\r\n|----0~----0~------|\r\n|----0~----0~------|\r\n|-3~----4~----/8~--|\r\n|------------------|\r\n|------------------|\r\n|------------------|\r\n\r\n|-------------|\r\n|---------13/-|\r\n|------11-----|\r\n|-9-12--------|\r\n\r\n|----0~----0~-----0~-----0~-|\r\n|----0~----0~-----0~-----0~-|\r\n|-3~----4~----/8~----8~-----|\r\n|---------------------------|\r\n|---------------------------|\r\n|---------------------------|\r\n\r\nChorus2\r\n|----0~----0~-----0~-----0~-|\r\n|----0~----0~-----0~-----0~-|\r\n|-3~----4~----/8~----8~-----|\r\n|---------------------------|\r\n|---------------------------|\r\n|---------------------------|\r\n\r\nOutro\r\n|--------------|\r\n|-9~-----------|\r\n|--------------|\r\n|--------------|\r\n|--------------|\r\n|--------------|\r\n', 1);
INSERT INTO `songs_tbl` (`id`, `artistId`, `title`, `lyric`, `tab`, `visible`) VALUES
(32, 1, 'I\\''m Designer', 'My generations for sale\r\nBeats a steady job.\r\nHow much have you got?\r\nMy generation dont trust no one\r\nIts hard to blame\r\nNot even ourselves\r\nThe thing thats real for us is fortune and fame\r\nAll the rest seems like work.\r\nIts just like Diamonds\r\nIn shit\r\n\r\nIm high class Im a Whore\r\nActually both\r\nBasically Im a Pro\r\nWeve all got our own style\r\nof Baggage\r\nWhy hump it yourself\r\nYouve made me an offer that I can refuse\r\ncourse either way I get screwed\r\nCounter Proposal\r\nI go home & Jerk Off\r\n\r\nIts truly a lie. I counterfeit myself\r\nIts truly a lie. I counterfeit myself\r\nYou dont own, you dont own, you dont own\r\nYou dont own what none can buy\r\nYou dont own, neither do I.\r\n\r\nHigh and mighty you say selling out is a shame. Is that the name of your boo?\r\nPush a silver spoon in your ass. No more holding us down\r\ndog, down mutt, Nice mutt\r\nYoure insulted you. You cant be bought or sold.\r\nTranslation offer too low\r\nYou dont know what youre worth.\r\nIt isnt much\r\nMy piano is for sale.\r\nHow many times must I sell myself before my pieces are gone?\r\nIm one of a kind\r\nIm designer\r\n\r\nNever again will I repeat myself\r\nEnough is never enough\r\nNever again will I repeat myself\r\n\r\nIt used to be the plan was screwing the man\r\nNow its have sex with the man\r\nafter he buys you .com for sale at a low, low price.\r\n\r\nIts truly a lie, I counterfeit myself\r\nIts truly a lie, I counterfeit myself\r\nYou dont own , you dont own, you dont own me\r\nYou dont own what none can buy\r\nYou dont own\r\nNeither do I\r\nNeither do I\r\nEither\r\nIm Designer', 'Guitar Tuning:\r\nC-F-A#-D#-G-C\r\n\r\nVerse:\r\nGuitar I (light distortion)\r\n|------------------------------------|\r\n|------------------------------------|\r\n|--12-x-13-15^(16)--12-x-13-15^(16)--|\r\n|--13-x-14-16^(17)--13-x-14-16^(17)--|\r\n|--13-x-14-16^(17)--13-x-14-16^(17)--|\r\n|--11-x-12-14^(15)--11-x-12-14^(15)--|\r\n\r\n|------------------------------------|\r\n|------------------------------------|\r\n|--12-x-13-15^(16)--12-x-13-15^(16)--|\r\n|--13-x-14-16^(17)--13-x-14-16^(17)--|\r\n|--13-x-14-16^(17)--13-x-14-16^(17)--|\r\n|--11-x-12-14^(15)--11-x-12-14^(15)--|\r\n\r\nPre Chorus:\r\n|--------------------------------|\r\n|--------------------------------|\r\n|-14-14-12-12-12-12-10/12\\\\10/12--|\r\n|-14-14-12-12-13-13-11/13\\\\11/13--|\r\n|-12-12-10-10-13-13-11/13\\\\11/13--|\r\n|-------------11-11-9-/11\\\\9-/11--|\r\n\r\nGuitar II\r\n|--------------------------------------|\r\n|--------------------------------------|\r\n|----------------11h12p11-11-----------|\r\n|----------------------------13-12-----|\r\n|--------------------------------------|\r\n|---------------------------------14~--|\r\n\r\n|--------------|\r\n|--------------|\r\n|-14-14-12-12--|\r\n|-14-14-12-12--|\r\n|-12-12-10-10--|\r\n|--------------|\r\n\r\nGuitar I (regular distortion)\r\n|------------------------------------|\r\n|------------------------------------|\r\n|--12-x-13-15^(16)--12-x-13-15^(16)--|\r\n|--13-x-14-16^(17)--13-x-14-16^(17)--|\r\n|--13-x-14-16^(17)--13-x-14-16^(17)--|\r\n|--11-x-12-14^(15)--11-x-12-14^(15)--|\r\n\r\nGuitar II\r\n|------------------------------------|\r\n|------------------------------------|\r\n|-----11~--------------11~-----------|\r\n|-----11~--------------11~-----------|\r\n|------------------------------------|\r\n|------------------------------------|\r\n\r\n|----------(/19\\\\16)--------------------|\r\n|--------------------------------------|\r\n|-----11~--------------11~-------------|\r\n|-----11~--------------11~-------------|\r\n|------------------------------(21)\\\\\\\\--|\r\n|-------------------------------21\\\\\\\\\\\\--|\r\n\r\nVerse II:\r\nGuitar I\r\n|------------------------------------|\r\n|------------------------------------|\r\n|--12-x-13-15^(16)--12-x-13-15^(16)--|\r\n|--13-x-14-16^(17)--13-x-14-16^(17)--|\r\n|--13-x-14-16^(17)--13-x-14-16^(17)--|\r\n|--11-x-12-14^(15)--11-x-12-14^(15)--|\r\n\r\nGuitar II\r\n|------------------------------------------|\r\n|------------------------------------------|\r\n|--- (13)p11-(13)-----(13)p11-(13)---------|\r\n|-----13-p11--13-------13-p11--13----------|\r\n|----------------------------------(21)\\\\\\\\--|\r\n|-----------------------------------21\\\\\\\\\\\\--|\r\n\r\nPreChorus:\r\nGuitar I\r\n\r\n|--------------------------------|\r\n|--------------------------------|\r\n|-14-14-12-12-12-12-10/12\\\\10/12--|\r\n|-14-14-12-12-13-13-11/13\\\\11/13--|\r\n|-12-12-10-10-13-13-11/13\\\\11/13--|\r\n|-------------11-11-9-/11\\\\9-/11--|\r\n\r\nGuitar II\r\n|------------------------11------------|\r\n|--------------------------------------|\r\n|----------------12p11------13---------|\r\n|----------------------13------12-11~--|\r\n|--------------------------------------|\r\n|--------------------------------------|\r\n\r\n|--------------|\r\n|--------------|\r\n|-14-14-12-12--|\r\n|-14-14-12-12--|\r\n|-12-12-10-10--|\r\n|--------------|\r\n\r\n|------------------------------------|\r\n|------------------------------------|\r\n|--12-x-13-15^(16)--12-x-13-15^(16)--|\r\n|--13-x-14-16^(17)--13-x-14-16^(17)--|\r\n|--13-x-14-16^(17)--13-x-14-16^(17)--|\r\n|--11-x-12-14^(15)--11-x-12-14^(15)--|\r\n\r\nGuitar II\r\n|------------------------------------|\r\n|------------------------------------|\r\n|-----11~--------------11~-----------|\r\n|-----11~--------------11~-----------|\r\n|------------------------------------|\r\n|------------------------------------|\r\n\r\nChorus:\r\n|------------------------------------|\r\n|------------------------------------|\r\n|-8-8-8-8-8-8-8-8-6-6-6-6-6-6-6-6----|\r\n|-9-9-9-9-9-9-9-9-8-8-8-8-8-8-8-8----|\r\n|-9-9-9-9-9-9-9-9-9-9-9-9-9-9-9-9----|\r\n|-7-7-7-7-7-7-7-7-6-6-6-6-6-6-6-6----|\r\n\r\n|----------------------------------|\r\n|----------------------------------|\r\n|-10-10-10-10-10--5-5-5-5-5-5-5-5--|\r\n|-11-11-11-11-11--6-6-6-6-6-6-6-6--|\r\n|-11-11-11-11-11--6-6-6-6-6-6-6-6--|\r\n|-9-9-9-9-9-9-9-9-4-4-4-4-4-4-4-4--|\r\n\r\n|----------------------------------|\r\n|----------------------------------|\r\n|-8-8-8-8-8-8-8-8-6-6-6-6-6-6-6-6--|\r\n|-9-9-9-9-9-9-9-9-8-8-8-8-8-8-8-8--|\r\n|-9-9-9-9-9-9-9-9-9-9-9-9-9-9-9-9--|\r\n|-7-7-7-7-7-7-7-7-6-6-6-6-6-6-6-6--|\r\n\r\n|----------------------------------|\r\n|----------------------------------|\r\n|-10-10-10-10-10--8-8-8-8-8-8-8-8--|\r\n|-11-11-11-11-11-10-10-10-10-10-10-|\r\n|-11-11-11-11-11-11-11-11-11-11-11-|\r\n|-9-9-9-9-9-9-9-9-8-8-8-8-8-8-8-8--|\r\n\r\n|----------------------------------|\r\n|----------------------------------|\r\n|-8-8-8-8-8-8-8-8-6-6-6-6-6-6-6-6--|\r\n|-9-9-9-9-9-9-9-9-8-8-8-8-8-8-8-8--|\r\n|-9-9-9-9-9-9-9-9-9-9-9-9-9-9-9-9--|\r\n|-7-7-7-7-7-7-7-7-6-6-6-6-6-6-6-6--|\r\n\r\nSolo:\r\nGuitar I\r\n*pick scratching starts it*\r\n|-------------------------------------------------------------------|\r\n|-------------------------------------------------------------------|\r\n|-------------------------------------------------16^(17)----14~~~--|\r\n|--------------------------------x----------------------16p14-------|\r\n|--11^(12)11-11^(13~~~12~~~~)11//x--13p11/6\\\\9///~-------------------|\r\n|-------------------------------------------------------------------|\r\n\r\n|--------------------------------------------------------------------------|\r\n|----------------------15h16-14h16-14~-16p14-------------------------------|\r\n|--------------------------------------------14~\\\\13/14~-11-13-11-13^(14)~--|\r\n|---------------15~^(16)---------------------------------------------------|\r\n|---------12-13------------------------------------------------------------|\r\n|-11-13-14-----------------------------------------------------------------|\r\n\r\nSolo Cont.\r\nPre Chorus Rhythm\r\n|-----------------------------------------------------------------|\r\n|--------------14----------------15h16-14h15-15h16-19^(22)~-16~~--|\r\n|---------11-13---13p11-------------------------------------------|\r\n|---11h13---------------13~-\\\\\\\\\\\\~----------------------------------|\r\n|---------------------------\\\\\\\\\\\\~----------------------------------|\r\n|---------------------------\\\\\\\\\\\\~----------------------------------|\r\n\r\n|----------------------------------------|\r\n|--16\\\\14/16------------------------------|\r\n|----------11/13h14p13\\\\11----------------|\r\n|------------------------13p11-----------|\r\n|-----------------------------11h13------|\r\n|-----------------------------------11~--|\r\n\r\nBridge:\r\n|------------------------------------------------------|\r\n|------------------------------------------------------|\r\n|----(12-12-12-12-16-16-16-16-12-12-12-12-16-16-16-16)-|\r\n|---13-13-13-13-17-17-17-17-13-13-13-13-17-17-17-17----|\r\n|--13-13-13-13-17-17-17-17-13-13-13-13-17-17-17-17-----|\r\n|-11-11-11-11-15-15-15-15-11-11-11-11-15-15-15-15------|\r\n\r\nGuitar II (slide)\r\n|------------14\\\\11~------/9~~------14\\\\11~~-------------|\r\n|------------------------------------------------------|\r\n|------------------------------------------------------|\r\n|------------------------------------------------------|\r\n|------------------------------------------------------|\r\n|------------------------------------------------------|\r\n\r\n|------------------------------------|\r\n|------------------------------------|\r\n|--12-x-13-15^(16)--12-x-13-15^(16)--|\r\n|--13-x-14-16^(17)--13-x-14-16^(17)--|\r\n|--13-x-14-16^(17)--13-x-14-16^(17)--|\r\n|--11-x-12-14^(15)--11-x-12-14^(15)--|\r\n\r\nVerse:\r\n|------------------------------------|\r\n|------------------------------------|\r\n|--12-x-13-15^(16)--12-x-13-15^(16)--|\r\n|--13-x-14-16^(17)--13-x-14-16^(17)--|\r\n|--13-x-14-16^(17)--13-x-14-16^(17)--|\r\n|--11-x-12-14^(15)--11-x-12-14^(15)--|\r\n\r\nGuitar II\r\n|------------------------------------------|\r\n|------------------------------------------|\r\n|--- (13)p11-(13)-----(13)p11-(13)---------|\r\n|-----13-p11--13-------13-p11--13----------|\r\n|----------------------------------(21)\\\\\\\\--|\r\n|-----------------------------------21\\\\\\\\\\\\--|\r\n\r\nPreChorus\r\n|--------------------------------|\r\n|--------------------------------|\r\n|-14-14-12-12-12-12-10/12\\\\10/12--|\r\n|-14-14-12-12-13-13-11/13\\\\11/13--|\r\n|-12-12-10-10-13-13-11/13\\\\11/13--|\r\n|-------------11-11-9-/11\\\\9-/11--|\r\n\r\nGuitar II\r\n|----------------14---------------------------|\r\n|------------------13-14----------------------|\r\n|-----------------------14-13-14----------/x--|\r\n|-------------------------------12-11~----/x--|\r\n|----------------------------------------x//--|\r\n|---------------------------------------------|\r\n\r\n|--------------|\r\n|--------------|\r\n|-14-14-12-12--|\r\n|-14-14-12-12--|\r\n|-12-12-10-10--|\r\n|--------------|\r\n\r\n|------------------------------------|\r\n|------------------------------------|\r\n|--12-x-13-15^(16)--12-x-13-15^(16)--|\r\n|--13-x-14-16^(17)--13-x-14-16^(17)--|\r\n|--13-x-14-16^(17)--13-x-14-16^(17)--|\r\n|--11-x-12-14^(15)--11-x-12-14^(15)--|\r\n\r\n|------------------------------------|\r\n|------------------------------------|\r\n|-----11~--------------11~-----------|\r\n|-----11~--------------11~-----------|\r\n|------------------------------------|\r\n|------------------------------------|\r\n\r\n|--------------------------------|\r\n|--------------------------------|\r\n|-14-14-12-12-12-12-10/12\\\\10/12--|\r\n|-14-14-12-12-13-13-11/13\\\\11/13--|\r\n|-12-12-10-10-13-13-11/13\\\\11/13--|\r\n|-------------11-11-9-/11\\\\9-/11--|\r\n\r\nGuitar II\r\n|---------------------------------|\r\n|-----------------------14/15~----|\r\n|----------------12p11------------|\r\n|---------------------13----------|\r\n|---------------------------------|\r\n|---------------------------------|\r\n\r\n|--------------|\r\n|--------------|\r\n|-14-14-12-12--|\r\n|-14-14-12-12--|\r\n|-12-12-10-10--|\r\n|--------------|\r\n\r\n|------------------------------------|\r\n|------------------------------------|\r\n|--12-x-13-15^(16)--12-x-13-15^(16)--|\r\n|--13-x-14-16^(17)--13-x-14-16^(17)--|\r\n|--13-x-14-16^(17)--13-x-14-16^(17)--|\r\n|--11-x-12-14^(15)--11-x-12-14^(15)--|\r\n\r\nBridge:\r\n|------------------------------------------------------|\r\n|------------------------------------------------------|\r\n|----(12-12-12-12-16-16-16-16-12-12-12-12-16-16-16-16)-|\r\n|---13-13-13-13-17-17-17-17-13-13-13-13-17-17-17-17----|\r\n|--13-13-13-13-17-17-17-17-13-13-13-13-17-17-17-17-----|\r\n|-11-11-11-11-15-15-15-15-11-11-11-11-15-15-15-15------|\r\n\r\nGuitar II (slide)\r\n|------------14\\\\11~------/9~~------14\\\\11~~-------------|\r\n|------------------------------------------------------|\r\n|------------------------------------------------------|\r\n|------------------------------------------------------|\r\n|------------------------------------------------------|\r\n|------------------------------------------------------|\r\n\r\nChorus:\r\n|------------------------------------|\r\n|------------------------------------|\r\n|-8-8-8-8-8-8-8-8-6-6-6-6-6-6-6-6----|\r\n|-9-9-9-9-9-9-9-9-8-8-8-8-8-8-8-8----|\r\n|-9-9-9-9-9-9-9-9-9-9-9-9-9-9-9-9----|\r\n|-7-7-7-7-7-7-7-7-6-6-6-6-6-6-6-6----|\r\n\r\n|----------------------------------|\r\n|----------------------------------|\r\n|-10-10-10-10-10--5-5-5-5-5-5-5-5--|\r\n|-11-11-11-11-11--6-6-6-6-6-6-6-6--|\r\n|-11-11-11-11-11--6-6-6-6-6-6-6-6--|\r\n|-9-9-9-9-9-9-9-9-4-4-4-4-4-4-4-4--|\r\n\r\n|----------------------------------|\r\n|----------------------------------|\r\n|-8-8-8-8-8-8-8-8-6-6-6-6-6-6-6-6--|\r\n|-9-9-9-9-9-9-9-9-8-8-8-8-8-8-8-8--|\r\n|-9-9-9-9-9-9-9-9-9-9-9-9-9-9-9-9--|\r\n|-7-7-7-7-7-7-7-7-6-6-6-6-6-6-6-6--|\r\n\r\n|----------------------------------|\r\n|----------------------------------|\r\n|-10-10-10-10-10--8-8-8-8-8-8-8-8--|\r\n|-11-11-11-11-11-10-10-10-10-10-10-|\r\n|-11-11-11-11-11-11-11-11-11-11-11-|\r\n|-9-9-9-9-9-9-9-9-8-8-8-8-8-8-8-8--|\r\n\r\n|----------------------------------|\r\n|----------------------------------|\r\n|-8-8-8-8-8-8-8-8-6-6-6-6-6-6-6-6--|\r\n|-9-9-9-9-9-9-9-9-8-8-8-8-8-8-8-8--|\r\n|-9-9-9-9-9-9-9-9-9-9-9-9-9-9-9-9--|\r\n|-7-7-7-7-7-7-7-7-6-6-6-6-6-6-6-6--|\r\n\r\n|------------------------------------|\r\n|------------------------------------|\r\n|-10-10-10-10-10--8-8-8-8-8-8-8-8----|\r\n|-11-11-11-11-11-10-10-10-10-10-10---|\r\n|-11-11-11-11-11-11-11-11-11-11-11---|\r\n|-9-9-9-9-9-9-9-9-8-8-8-8-8-8-8-8----|\r\n\r\nOutro\r\nGuitar I\r\n|------------------------------------|\r\n|------------------------------------|\r\n|--12-x-13-15^(16)--12-x-13-15^(16)--|\r\n|--13-x-14-16^(17)--13-x-14-16^(17)--|\r\n|--13-x-14-16^(17)--13-x-14-16^(17)--|\r\n|--11-x-12-14^(15)--11-x-12-14^(15)--|\r\n\r\n|--------------------------------------|\r\n|--------------------------------------|\r\n|-----11~--------------11~-----(21)\\\\\\\\--|\r\n|-----11~--------------11~------21\\\\\\\\\\\\--|\r\n|--------------------------------------|\r\n|--------------------------------------|\r\n\r\nGuitar I\r\n|-----|\r\n|-----|\r\n|-12--|\r\n|-13--|\r\n|-13--|\r\n|-11--|', 1),
(33, 13, 'I Like To Move In The Night', 'I like to move,\r\nyes I move in the night\r\nYou know I mellow down easy\r\nyes it is a sight\r\nI like to stroll,\r\nyes I take my time\r\nAnd when them women start dancing...\r\nGot to make them mine\r\n\r\nYou know we move,\r\nyes we move\r\nCuz we like our dancing\r\n\r\nI wasn\\''t shakin,\r\nthen I\\''z shaking so had\r\nThat\\''s when I saw a mean woman\r\nstrutting in the yard\r\nShe got the shakes,\r\nyeah she shake it rael cool\r\nYeah she make me start a dancing,\r\nnow she makes the rules\r\n\r\nYou know we move,\r\nyes we move\r\nCuz we like our dancing ', 'Intro:\r\n|------------------------------------------------------------------------------------------|\r\n|------------------------------------------------------------------------------------------|\r\n|-----------------------0-3-------------------0-3~---3-0----------------------0-3----------|\r\n|--------2------2-----3---------------------3-------------0-0--2------2-----3--------------|\r\n|----------1~----1~---------1~----1-1-3-3-3----------------------1~-----1~--------1-1-1-1--|\r\n|--3---3-----3-----3-----------------------------------------------3------3----------------|\r\n\r\n------------------3-|\r\n------------------3-|\r\n-----------0-3-5----|\r\n--------------------|\r\n--1-3-3-3-----------|\r\n--------------------|\r\n\r\n\r\nMain riff / Chorus\r\n|------------------------------------------------------------------|\r\n|------------------------------------------------------------------|\r\n|------------------------------------------------------------------|\r\n|----------9--------9-------------------------------5--5-5-5-5-5-5-|\r\n|--5--5-5--9-8-8-5--9-8-8-5---5-5--8--8-8-8-8-8-8---5--5-5-5-5-5-5-|\r\n|--5--5-5--7-8-8-5--7-8-8-5---5-5--8--8-8-8-8-8-8---3--3-3-3-3-3-3-|\r\n|--3--3-3----6-6-3----6-6-3---3-3--6--6-6-6-6-6-6------------------|', 1),
(34, 13, 'Don\\''t Speak (I Came To Make A BANG) ', 'Don\\''t move, don\\''t speak, even whisper\r\nThere\\''s something happenin\\'' but don\\''t be scared\r\nI\\''m too smooth, you never see me coming\r\nI\\''m never in a hurry, I\\''m just movin\\'' fast\r\n\r\nI said HAOW!\r\nOh yes you know I said HAOW!\r\nI came to make a bang!\r\nI said HAOW!\r\nYeah.\r\nYes I said HAOW!\r\nI came to make a bang!\r\n\r\nPull me, I\\''m your fabulous weapon\r\nI\\''ll hit your target, girl, so use me well\r\nI\\''m in too tight, gonna feel it tonight, yeah\r\nBaby here I stand, I\\''m your impossible man\r\n\r\nI said HAOW!\r\nYes I said HAOW!\r\nI came to make a bang!\r\nI said HAOW!\r\nYeah!\r\nI said HAOW!\r\nI came to make a bang, yeah!\r\n\r\nDon\\''t move, don\\''t speak, even whisper\r\nYou have my weapon, girl, but don\\''t be scared\r\nI\\''m in too tight, gonna feel it tonight, yeah\r\nBaby girl, gonna take your whole world\r\nHAOW!\r\nYes I said HAOW!\r\nI came to make a bang yeah!\r\nHAOW!\r\nYes I said HAOW!\r\nI came to make a bang yeah!\r\nHAOW!\r\nI came to make a bang yeah!\r\nHAOW!\r\nI came to make a bang yeah!\r\nHAOW!\r\nI came to make a bang yeah!\r\nHAOW!\r\nI came to make a bang yeah!\r\nHAOW!\r\n\r\nNo, no, OK.\r\nNo, yes, yessy.\r\nThat last one was retarded.\r\nNo, that\\''s wrong.\r\nAlright.', 'Intro\r\ne|------------------------------------------------------------|\r\nB|------------------------------------------------------------|\r\nG|------------------------------------------------------------|\r\nD|---8-8-8-8------8-8-8-8------8-8------^----------^----------|\r\nA|---8-8-8-8------8-8-8-8------8-8--4-6-6-4---4-6--6--6-4-----|\r\nE|---6-6-6-6------6-6-6-6------6-6----------6------------6-4--|\r\n\r\n                                   \r\ne|---------|\r\nB|---------|\r\nG|---------|\r\nD|-8--8-8--|\r\nA|-8--8-8--|\r\nE|-6--6-6--|\r\n\r\ne|-------------------------------|\r\nB|-------------------------------|\r\nG|-------------------------------|\r\nD|-8------^----------^-----------|\r\nA|-8--4-6-6-4---4-6--6--6-4------|\r\nE|-6-6--------6-------------6-4--|\r\n\r\n\r\ne|---------|\r\nB|---------|\r\nG|---------|\r\nD|-8--8-8--|\r\nA|-8--8-8--|\r\nE|-6--6-6--|\r\n\r\ne|-------------------------------|\r\nB|-------------------------------|\r\nG|-------------------------------|\r\nD|-8------^----------^-----------|\r\nA|-8--4-6-6-4---4-6--6--6-4------|\r\nE|-6-6--------6-------------6-4--|\r\n\r\ne|---------|\r\nB|---------|\r\nG|---------|\r\nD|-8--8-8--|\r\nA|-8--8-8--|\r\nE|-6--6-6--|\r\n\r\n\r\n\r\ne|-------------------------------|\r\nB|-------------------------------|\r\nG|-8------^----------^-----------|\r\nD|-8--4-6-6-4---4-6--6--6-4------|\r\nA|-6-6--------6-------------6-4--|\r\nE|-------------------------------|\r\n\r\ne|-------------------------------|\r\nB|-------------------------------|\r\nG|-------------------------------|\r\nD|-8------^----------^-----------|\r\nA|-8--4-6-6-4---4-6--6--6-4------|\r\nE|-6-6--------6-------------6-4--|\r\n\r\n\r\ne|---------|\r\nB|---------|\r\nG|---------|\r\nD|-8--8-8--|\r\nA|-8--8-8--|\r\nE|-6--6-6--|\r\n\r\n\r\ne|-------------------------------|\r\nB|-------------------------------|\r\nG|-------------------------------|\r\nD|-8------^----------^-----------|\r\nA|-8--4-6-6-4---4-6--6--6-4------|\r\nE|-6-6--------6-------------6-4--|', 1),
(35, 13, 'Miss Alissa', 'You know I try so hard\r\nBut I think you don\\''t see\r\nCos\\'' I\\''m moving so fast\r\nWe call it rock n rollin\\''\r\nMy weapon seems usless\r\nCos\\'' your on to me\r\nYou are impossible to read\r\nYou\\''re always straight controllin\\''\r\n\r\nOh oh oh Miss Alissa!\r\n\r\nGon do a voodoo dance until\r\nYou feel my power now!\r\nYou know I feel so smooth\r\nI\\''m always struttin\\'' when in motion\r\nMake the little girls dance\r\nCos\\'' i\\''m rock n rollin\\''\r\nIt reallly doesn\\''t matter\r\nIf you\\''re hard to please\r\nCos\\'' when you give me your smile\r\nI\\''m yours for straiht controllin\\''', '|--------------------------------------------------------------------|\r\n|--------------------------------------------------------------------|\r\n|--------------------------------------------------------------------|\r\n|-8--8-10-8-10-8-8-------------------6--6-8-6-8-6-6------------------|\r\n|-6--6--6-6--6-6-6-9--9-11-9-11-9-9--4--4-4-4-4-4-4--6--6-8-6-8-6-6--|\r\n|---------------------7--7-7--7-7-7------------------4--4-4-4-4-4-4--|', 1),
(36, 14, 'Andy Warhol', 'Am\r\nLike to take a cement fix\r\n                  F\r\nBe a standing cinema,\r\n                    Dm                       \r\nDress my friends up just for show\r\nF                Dm     Am(HOOK)\r\nSee them as they really are\r\nAm\r\n Put a peephole in my brain\r\n                        F\r\nTwo New Pence to have a go,\r\n             Dm \r\nLike to be a gallery\r\n        F      Dm     Am\r\nPut you all inside my show,\r\n\r\nCHORUS\r\n\r\nG    C       Dm      Am      Dm       Am    C    G\r\nAndy Warhol, looks a scream, hang him on my wa-a-a-all\r\n\r\nG    C       Dm      Am           Dm         Am      C / G / D / / /\r\nAndy Warhol, silver screen, can\\''t tell them apart at a-a-a-a-all.\r\n\r\n\r\nAm                                           F\r\nAndy walking, Andy tired, Andy take a little snooze,\r\n                   Dm           F             Dm       Am(HOOK)\r\nTie him up when he fast asleep, send him on a pleasure cruise.\r\nAm                                                        F\r\nWhen he wake up, on the beach, be sure to think of me and you.\r\n                            Dm\r\nTo think about paint and to think about glue\r\n       F            Dm       Am\r\nwhat a jolly boring thing to do.\r\n\r\n', '|Am/ Am/ Am/ Am/ F / F / F / G /\r\n\r\n|-------------------------------\r\n|-------------------------------\r\n|-------------02----------------\r\n|----------023--3---------320---\r\n|--00--0023------------------320\r\n|-------------------------------\r\n\r\nCHORUS\r\nD A Em C D G C Am\r\nD A Em C D G C Am A7 (leave ringing)', 1),
(37, 14, 'As The World Falls Down', 'A\r\nThere\\''s such a sad love\r\n				     F#m\r\nDeep in your eyes, a kind of pale jewel\r\n				    D\r\nOpen and closed within your eyes\r\n		   Dm7		  A\r\nI\\''ll place the sky within your eyes\r\n\r\nA\r\nThere\\''s such a fooled heart\r\n				     F#m\r\nBeating so fast in search of new dreams\r\n				          D\r\nA love that will last within your heart\r\n		   Dm7		   A\r\nI\\''ll place the moon within your heart\r\n\r\n\r\nCHORUS\r\n  \r\nBm\r\nAs the pain sweeps through\r\n	   Dm  \r\nMakes no sense for you\r\n	A  \r\nEvery thrill he\\''s caused\r\n	 F#m		     A  \r\nWasn\\''t too much fun at all\r\n			    F#7	  \r\nBut I\\''ll be there for you-oo-oo\r\n			 A\r\nAs the world falls down\r\nF#m\r\nFalling\r\nD\r\n(As the world) Falling down\r\nDm	     A\r\nFalling in love\r\n\r\n\r\nI\\''ll paint you mornings of gold\r\n\r\nI\\''ll spin you Valentine evenings\r\n		 F#m\r\nThough we\\''re strangers till now\r\n						D\r\nWe\\''re choosing the path between the stars\r\nDm7					 A\r\nI\\''ll leave my love between the stars\r\n\r\n\r\nCHORUS\r\n\r\nF#m\r\nFalling\r\nA\r\n(As the world) Falling down\r\nF#m\r\nFalling \r\n			 A\r\nAs the world falls down\r\nF#m\r\nFalling\r\n\r\nF#m			A\r\nMakes no sense at all\r\nF#m			A\r\nMakes no sense to fall\r\n\r\nF#m			 A\r\nAs the world falls down', 'Standard Tuning\r\n\r\nIntro/Verse:\r\n|--0----2----2----1--|\r\n|--2----2----3----1--|\r\n|--2----2----2----2--|\r\n|--2----4----0----0--|\r\n|--0----4----0----0--|\r\n|-------2------------|\r\n\r\nChorus:\r\n|--2----1----0----2----0----2--|\r\n|--3----3----2----2----2----2--|\r\n|--4----2----2----2----2----3--|\r\n|--4----0----2----4----2----2--|\r\n|--2----0----0----4----0----4--|\r\n|-----------------2---------2--|\r\n\r\n|--0----2----2----1--|\r\n|--2----2----3----3--|\r\n|--2----2----2----2--|\r\n|--2----4----0----0--|\r\n|--0----4----0----0--|\r\n|-------2------------|\r\n\r\nBridge/Outro:\r\n|--2----0--|\r\n|--2----2--|\r\n|--2----2--|\r\n|--4----2--|\r\n|--4----0--|\r\n|--2-------|', 1),
(38, 14, 'Life On Mars', 'G      G/F#            Dm/F          E7                  Am\r\nIt\\''s a god-awful small affair to the girl with the mousy hair\r\n         Am/G             D/F#                               G\r\nBut her mother is yelling \\"No\\" and her father as told her to go\r\n          G/F#                  Dm/F\r\nBut her friend is nowhere to be seen\r\n        E7                       Am\r\nas she walks through her sunken dream\r\n        Am/G                  D/F#\r\nTo the seat with the clearest view\r\n                                Bb\r\nand she\\''s hooked to the silver screen\r\n          Bb+                Gm\r\nBut the film is a saddening bore\r\n            G#                   Eb\r\nFor she\\''s lived it ten times or more\r\n           G7                   Cm          Eb\r\nShe could spit in the eyes of fools as they ask her to focus on\r\n\r\nCHORUS:\r\n  C         F                   G\r\nSailors, fighting in the dance hall\r\n Am      Fm                    G  Gm                  Dm\r\nOh man! look at those cavemen go,    it\\''s a freakest show\r\nFm                   C      F                    G\r\nTake a look at the Lawman, beating up the wrong guy\r\nAm       Fm                     G Gm                          Dm\r\nOh man!  Wonder if he\\''ll ever know   he\\''s in the best selling show\r\nFm                Am   C+  Am7  D7  F  Gsus4  D\r\nIs there life on Mars?\r\n\r\n\r\nIt\\''s on Amerika\\''s tortured brow\r\nMickey Mouse has grown up a cow\r\nNow the workers have struck for fame\r\nCause Lennon\\''s on sale again\r\nSee the mice in their million hordes\r\n>From Ibeza to the Norfolk Broads\r\nRule Brittania is out of bounds\r\nTo my mother, my dog and clowns\r\nBut the film is a saddening bore\r\n`Cause I wrote it ten times before\r\nIt\\''s about to be writ again\r\nAs I ask you to focus on  ...CHORUS', 'Bb+:  2 2 4 3 3 2     Eb:    x 6 5 3 4 3\r\nC+:   x 0 2 1 1 0     Gsus4: 3 2 0 0 1 3\r\nDm/F: 1 x 0 2 3 1\r\n\r\nSolo:\r\ne:----------------8------------------------7p4--------8-7-8~---8-7-8~---:\r\nB:-------6-8b10-----8b10---8b10r8p6--8~--------6------------------------:\r\nG:---5-7-----------------------------------------7~---------------------:\r\nD:----------------------------------------------------------------------:\r\nA:----------------------------------------------------------------------:\r\nE:----------------------------------------------------------------------:\r\n\r\n\r\ne:------8-6-------------------------------------------------------------:\r\nB:-----6-----9-6--8-6--8/9--10~-----------------------------------------:\r\nG:----6-----------------------------------------------------------------:\r\nD:---8------------------------------------------------------------------:\r\nA:----------------------------------------------------------------------:\r\nE:----------------------------------------------------------------------:', 1),
(39, 14, 'Soul Love', 'G\r\nStone love - she kneels before the grave\r\n  Em                                       C\r\nA brave son - who gave his life to see the slogan\r\n                                          G\r\nThat hovers between the headstone and her eyes\r\nBm               Am          D\r\nFor they penetrate her grieving\r\n\r\nG\r\nNew love - a boy and girl are talking\r\nEm              \r\nNew words - that only they can share in\r\nC\r\nNew words - a love so strong it tears their hearts\r\n   G      Bm                    Am            D\r\nTo sleep - through the fleeting hours of morning\r\n\r\nAm\r\nLove is careless in its choosing \r\nEm\r\nSweeping over cross a baby\r\nF                C\r\nLove descends on those defenseless\r\nD\r\nIdiot love will spark the fusion\r\nC            D                    G7                C\r\nInspirations have I none, just to touch the flaming dove\r\nCm               G                  D\r\nAll I have is my love of love - and love is not loving\r\n\r\n\r\nSolo:  G  Em  C  G  Bm  Am  D \r\n\r\n\r\nG\r\nSoul love - the priest that tastes the word and\r\nEm\r\nTold of love - and how my God on high is\r\nC                                              G\r\nAll love - though reaching up my loneliness evolves\r\nBm               Am              D\r\nBy the blindness that surrounds him\r\n\r\nAm\r\nLove is careless in its choosing \r\nEm\r\nSweeping over cross a baby\r\nF                C\r\nLove descends on those defenseless\r\nD\r\nIdiot love will spark the fusion\r\nC            D                    G7                C\r\nInspirations have I none, just to touch the flaming dove\r\nCm               G                  D\r\nAll I have is my love of love - and love is not loving', 'G   3 2 0 0 3 3\r\nEm  0 2 2 0 0 0\r\nC   x 3 2 0 1 0\r\nBm  x 2 4 4 3 2\r\nAm  x 0 2 2 1 0\r\nD   x x 0 2 3 2\r\nF   1 3 3 2 1 1\r\nG7  3 2 0 0 0 1\r\nCm  x 3 5 5 4 3', 1),
(40, 14, 'Space Oddity', 'Intro:- Fmaj7    Em     Fmaj7    Em\r\n\r\nC                       Em\r\nGround control to Major Tom  (x2)\r\nAm        Am#7              Am7            D(add9)\r\nTake your protein pills and put your helmet on\r\nC                       Em   C                            Em\r\nGround control to Major Tom, commencing countdown engines on\r\nAm       Am#7           D(add9)\r\nCheck ignition, and may gods\\'' love be with you\r\n\r\nC                               Em\r\nThis is Ground Control to Major Tom\r\nEm                     F\r\nYou\\''ve really made the grade\r\nF       Fm             C                     F\r\nAnd the papers want to know who\\''s shirts you wear\r\nF        Fm                C              F\r\nNow it\\''s time to leave the capsule if you dare\r\n\r\nC                           Em\r\nThis is Major Tom to ground control\r\nEm                      F \r\nI\\''m stepping through the door\r\nF       Fm              C             F\r\nAnd I\\''m floating in the most peculiar way\r\nF       Fm              C            F\r\nAnd the stars look very different, today\r\nF   Fmaj7        Em                    Fmaj7            Em\r\nFor here am I sitting in a tin can, far above the world\r\nDm              Am               Em            F\r\nPlanet Earth is blue and there\\''s nothing I can do\r\nC F G A A ... C F G A A ... Fmaj7 Em A C D E......\r\n\r\nC                                    Em\r\nThough I\\''m past one hundred thousand miles\r\nEm               F\r\nI\\''m feeling very still\r\nF     Fm                 C                  F\r\nAnd I think my spaceship knows which way to go\r\nF       Fm              C              F\r\nTell my Wife I love her very much, She knows!\r\n\r\nG                 E               Am           \r\nGround Control to Major Tom, your circuits dead\r\nAm      Am7                      D(add9)\r\nThere\\''s something wrong, can you hear me Major Tom?\r\nD(add9) C                           G\r\nCan you hear me Major Tom?, can you hear me Major Tom? \r\nG         Fmaj7        Em             \r\nCan you...Here am I floating Round my tin can\r\nFmaj7            Em     Dm              Am\r\nFar above the World, planet Earth is blue\r\nAm          Em            F\r\nAnd there\\''s nothing I can do\r\nC F G A A ... C F G A A ... Fmaj7 Em A C D E', 'Solo:\r\nFmaj7        Em7        A            C            D9                E\r\n|------------|----------|----5-------|------------|----------------|-------------|\r\n|1-3-1-------|----------|---5-8~-5---|-5h6p5----5\\\\|---10-12-10----7\\\\-------------|\r\n|------2~p0h2|--0-2-0---|-56------6--/5~-----5-5\\\\-/11-11-12----7-7\\\\|-------------|\r\n|------------|2------2--|7---------7-|--------7---|-------------9--|-------------|\r\n|------------|--------0-|------------|------------|----------------|-------------|\r\n|------------|----------|------------|------------|----------------|12-12-10/3p0-|\r\n\r\nMaybe this chord is used somewhere?\r\ne|-0----|\r\nB|-1----|\r\nG|-2----|\r\nD|-2----|\r\nA|-2----|\r\nE|-0----|', 1),
(41, 14, 'Cygnet Committee', 'D            D/C\r\nI bless you madly\r\nBm    Bb           D\r\nSadly as I tie my shoe\r\n            D/C\r\nI love you badly\r\nBm       Bb                D   D/C\r\nJust in time, at times, I guess\r\n  Bm        Bb            D   D/C\r\nBecause of you I need to rest\r\n Bm          Bb                 D\r\nBecause it~s you that sets the test\r\n\r\nEb                    Bbm\r\nSo much has gone and little is new\r\nBbm           A\r\nAnd as the sparrow sings\r\n       F#\r\nDawn chorus for\r\n Bbm             \r\nSomeone else to hear\r\nBbm          A\r\nThe thinker sits alone\r\n  F#     Bbm\r\nGrowing older\r\n\r\nAnd so bitter\r\n\r\nF                               Bbm\r\n~~I gave Them life, I gave Them all\r\n     C                Fm\r\nThey drained my very soul...dry\r\nF                                 Bbm\r\nI crushed my heart to ease Their pains\r\n      C              Fm         Ab\r\nNo thought for me remains there\r\nBbm              Db\r\nNothing can they spare\r\n         C\r\nWhat of me?\r\n\r\nAm					   F\r\nWho praised Their efforts to be free?\r\n G					    C\r\nWords of strength and care and sympathy\r\nAm							  F\r\nI open doors that would have blocked their way\r\n   G							C\r\nI braved Their cause to guide for little pay\r\nAm					     F\r\nI ravaged at my finanace just for Those\r\n		 G						 C\r\nThose whose claims were steeped in peace, tranquility\r\nAm							  F\r\nThose who said a new world, new ways ever free\r\n				    G					   C\r\nThose whose promises stretched in hope and grace for me.~~\r\n\r\nAm     F      G\r\n\r\n\r\nD	  	 D/C\r\nI bless you madly\r\n Bm	Bb		 D\r\nSadly as I tie my shoe\r\n		D/C\r\nI love you badly\r\n Bm	   Bb			    D   D/C\r\nJust in time, at times, I guess\r\n  Bm		Bb		  D   D/C\r\nBecause of you I need to rest\r\n  Bm		  Bb			  D\r\nBecause it~s you that sets the test\r\n\r\nEb			    Bbm\r\nSo much has gone and little is new\r\nBbm		 A\r\nAnd as the sunrise stream\r\n F#		Bbm\r\nFlickers on me\r\n		   Bbm	   A\r\nMy friends talk of glory, untold dream\r\n	F#		   Bbm\r\nWhere all is God and God is just a word\r\n\r\nF				     Bbm\r\n~~We had a friend, a talking man\r\n	C		  Fm\r\nWho spoke of many powers that he had\r\n F				    Bbm\r\nNot of the best of men but Ours\r\n    C				  Fm		  Ab\r\nWe used him, We let him use his powers\r\n   Bbm			Db\r\nWe let him fill our needs	\r\n		 C\r\nNow we are strong.\r\n\r\nAm					 F\r\nAnd the road is coming to its end\r\n G						   C\r\nNow the damned have not time to make amends\r\nAm							F\r\nNo purse of token fortunes stands in Our way\r\n     G					    C\r\nThe silent guns of love will blast the sky\r\n\r\nAm							F\r\nWe broke the ruptured structure build of age\r\n	G					C\r\nOur weapons were tongues of crying rage\r\n	 Am						F\r\nWhere money stood we planted seeds of rebirth\r\n	G						 C\r\nAnd stabbed the backs of fathers, sons of dirt\r\n\r\n  Am			\r\nInfiltrated business cesspools\r\n		    F\r\nHating through Our sleeves\r\n		 G				\r\nYea, and We slit the Catholic throat\r\n			   C\r\nStoned the poor on slogans as:\r\n\r\n\r\n	-Wish You Could Hear-\r\n			     Am\r\n	-Love Is All We Need-\r\n\r\n	-Kick Out The Jams-\r\n\r\n	-Kick Out Your Mother-\r\n	  F\r\n	-Cut Up Your Friend-\r\n						   G\r\n	-Screw Up Your Brother or He~ll Get You In the End-\r\n\r\n	  C						Am\r\nAnd We Know the Flag of Love is from Above\r\n		F\r\nAnd We Can Force You to Be Free\r\n		G			   C\r\nAnd We Can Force You to Believe.~~\r\n\r\n				  Am\r\nAnd I close my eyes and tighten up my brain\r\n						  F\r\nFor I once read a book in which the lovers were slain\r\n							G\r\nFor they Knew not the words of the Free States~ refrain,\r\n\r\nIt said:\r\n\r\n C			\r\n~~I Believe in the Power of Good\r\n    Am\r\nI Believe in the State of Love\r\n	   F\r\nI Will Fight For the Right to be Right\r\n	  G								\r\nC\r\nI Will Kill for the Good of the Fight for the Right to be Right.~~\r\n\r\n		   Am			   F\r\nAnd I open my eyes to look around\r\n						 G\r\nAnd I see a child laid slain on the ground\r\nC			  Am\r\nAs a love machine lumbers through desolation rows\r\nF			   G\r\nPloughing down man, woman, listening to its command\r\n	   C\r\nBut not hearing anymore-\r\n        Am		 F\r\nNot hearing anymore\r\n		G\r\nJust the shrieks from the old rich\r\n\r\n		    C\r\nAnd I Want to Believe\r\n			   G\r\nIn the madness that calls ~Now~\r\n		    C\r\nAnd I Want to Believe\r\n				   G\r\nThat a light is shining through somehow\r\n\r\n		    Bb\r\nAnd I Want to Believe\r\n			F\r\nAnd You Want to Believe\r\n		     C\r\nAnd We Want to Believe\r\n		    G\r\nAnd We Want to Live\r\n		    Ab\r\nOh, We Want to Live\r\n		Bb\r\nWe Want to Live\r\n		C\r\nWe Want to Live\r\n\r\n\r\n(marching-type beat configuration appears)\r\n\r\n	     G\r\nWe Want to Live\r\n		Ab\r\nWe Want to Live\r\n		Bb\r\nWe Want To Live\r\n		C\r\nI Want to Live\r\n\r\n		G\r\nI Want to Live\r\n	     Ab\r\nI Want to Live\r\n	     Bb\r\nI Want to Live\r\n		C\r\nI Want to Live\r\n		G\r\nI Want to Live\r\n\r\n Ab\r\nLive\r\n Bb\r\nLive\r\n C\r\nLive', 'D       x x 0 2 3 x\r\nD/C	x 3 x 2 3 x\r\nBm	x 2 4 4 3 2\r\nBb	x 1 3 3 3 x\r\nEb	x 6 5 3 4 3\r\nBbm	x 1 3 3 2 1\r\nA	x 0 2 2 2 0\r\nF#	2 4 4 3 2 2\r\nF	1 3 3 2 1 1\r\nC 	x 3 2 0 1 0\r\nFm	1 3 3 1 1 1\r\nAb	4 6 6 5 4 4\r\nDb 	x 4 6 6 6 x\r\nAm	x 0 2 2 1 0\r\nG	3 2 0 0 0 3', 1),
(42, 14, 'The Man Whole Sold The World', '       Dm                           A7                       Dm\r\n          We passed upon the stairs, We spoke of was and when\r\n                                   A7                        F\r\n           Although I wasn\\''t there, he said i was his friend\r\n                                     C                Gm A\r\n           Which came as some surprise, I spoke into his eyes\r\n                                    Dm                     C (play r2)\r\n             I thought you died alone, a long long time ago\r\n                          C (play r2)   F (r3)\r\n                          Oh no,        not me\r\n                            Bbm               F (r3)\r\n                          I never lost control\r\n                                     C (r2)      F\r\n                          Your\\''e face      to face\r\n                             Bbm              A (repeat intro. )\r\n                    with the man who sold the world\r\n\r\n        I laughed and shook his hand, and made my way back home\r\n       I searched for form and land, for years and years i roamed\r\n            I gazed a gazely stare at all the millions here\r\n             We must have died alone\\'' a long long time ago\r\n                           Who knows? not me\r\n                         We never lost control\r\n                          Your\\''e face to face\r\n                    with the man who sold the world', 'E|----------------------------------------------------------------|\r\nB|----------------------------------------------------------------|\r\nG|--2-2-2-0-2-3-2-0-----2-2-2-0-2-3-2-0-----2-2-2-0-2-3-2-0-------|\r\nD|----------------------------------------------------------------|\r\nA|----------------------------------------------------------------|\r\nE|----------------------------------------------------------------|\r\n\r\n\r\n    C\r\nE|--------------------------------------------------|\r\nB|--------------------------------------------------|\r\nG|------------2-4-5---------------------------------|\r\nD|------2-3-5---------------------------------------|\r\nA|--3-5---------------------------------------------|\r\nE|--------------------------------------------------|\r\n\r\n\r\n    F\r\nE|--------------------------------------------------|\r\nB|------------3-5-6---------------------------------|\r\nG|------2-3-5---------------------------------------|\r\nD|--3-5---------------------------------------------|\r\nA|--------------------------------------------------|\r\nE|--------------------------------------------------|', 1),
(43, 14, 'Velvet Goldmine', '         C                    F\r\nYou got crazy legs, you got amazing head\r\n         C                              F\r\nYou got rings on your fingers and your hair\\''s hot red\r\n        C                   F\r\nYou got wit from my tongue, name on the sun\r\n          C\r\nI gotcha going to my breast\r\n                 Em G Am             Bb         F\r\nCause you\\''re the only one, who uses school to pleasure\r\n\r\n            C                           F\r\nYou make me act real gone, you make me trawl along\r\n          C                   F\r\nI had to ravish your capsule, suck you dry\r\n          C                          F\r\nFeel the teeth in your bone, heal ya head with my own\r\n          C                                 Em  G  Am\r\nWhy if I don\\''t have you home, we\\''ll have to fight alone\r\n Bb           F\r\nHang all together\r\n\r\n       Dm              Am\r\nVelvet Goldmine, you stroke me like the rain\r\nDm                                  Am\r\nSnake it, take it, panther princess you must stay\r\nGm                Am\r\nVelvet Goldmine, naked on your chain\r\n     C                               E\r\nI\\''ll be your king volcano right for you again and again\r\n          F        G\r\nMy Velvet Goldmine\r\n\r\n           C                            F\r\nYou\\''re my taste, my trip, I\\''ll be your master zip\r\n                C                              F\r\nI\\''ll suck your hair for kicks, you\\''ll make me jump to my feet\r\n           C                  F\r\nSo you\\''ll give me your hand, give me your sound\r\n        C                               Em G     Am\r\nLet my sea wash your face, I\\''m falling, I can\\''t stand\r\n      Bb        F\r\nOooh! Put your mink on\r\n\r\n        Dm              Am\r\nVelvet Goldmine, you stroke me like the rain\r\nDm                                  Am\r\nSnake it, take it, panther princess you must stay\r\nGm                Am\r\nVelvet Goldmine, naked on your chain\r\n     C                               E\r\nI\\''ll be your king volcano right for you again and again\r\n          F        G\r\nMy Velvet Goldmine\r\n\r\nC     F     C     F     C     G     Am     Bb     F\r\n\r\nOh \r\n\r\nShoot you down, bang bang\r\n\r\n        Dm              Am\r\nVelvet Goldmine, you stroke me like the rain\r\nDm                                  Am\r\nSnake it, take it, panther princess you must stay\r\nGm                Am\r\nVelvet Goldmine, naked on your chain\r\n     C                               E\r\nI\\''ll be your king volcano right for you again and again\r\n          F        G\r\nMy Velvet Goldmine\r\n\r\n        Dm              Am\r\nVelvet Goldmine mmm mmm mmm mmm mmm\r\nDm                                  Am\r\nmmm mmm mmm mmm mmm mmm mmm mmm mmm mmm mmm\r\nGm                Am\r\nVelvet Goldmine mmm mmm mmm mmm mmm\r\n     C                               E\r\nmmm mmm mmm mmm mmm mmm mmm mmm mmm mmm mmm\r\n          F        G\r\nMy Velvet Goldmine\r\n\r\n         Dm              Am\r\nVelvet Goldmine mmm mmm mmm mmm mmm\r\nDm                                  Am\r\nmmm mmm mmm mmm mmm mmm mmm mmm mmm mmm mmm\r\nGm                Am\r\nVelvet Goldmine mmm mmm mmm mmm mmm\r\n     C                               E\r\nmmm mmm mmm mmm mmm mmm mmm mmm mmm mmm mmm\r\n          F        G\r\nMy Velvet Goldmine', 'Solo coming soon', 1),
(44, 9, 'Float On', ' I backed my car into a cop car the other day\r\nWell he just drove off, sometimes lifes OK\r\nI ran my mouth off a bit too much, oh, what did I say?\r\nWell you just laughed it off, it was all OK\r\n\r\nAnd well all float on OK\r\nAnd well all float on OK\r\nAnd well all float on OK\r\nAnd well all float on anyway\r\n\r\nWell, a fake Jamaican took every last dime with that scam\r\nIt was worth it just to learn some sleight of hand\r\nBad news comes dont you worry even when it lands\r\nGood news will work its way to all them plans\r\nWe both got fired on exactly the same day\r\nWell, we\\''ll float on, good news is on the way\r\n\r\nAnd well all float on OK\r\nAnd well all float on OK\r\nAnd well all float on OK\r\nAnd well all float on\r\nAll right already, well all float on\r\nNo, dont you worry, well all float on\r\nAll right, Im ready, well all float on\r\nAll right, dont worry, well all float on\r\nAll right, all right, well all float on\r\nAll right already, well all float on\r\nAll right, don\\''t worry, even if things end up a bit too heavy\r\nWell all float on\r\nAll right, already, well all float on\r\nAll right already, well all float on OK\r\nDont worry, well all float on\r\nEven if things get heavy, well all float on\r\nAll right already, well all float on all right\r\nDont you worry, well all float on\r\nWe\\''ll all float on\r\n', 'Intro/Verses\r\n\r\nGuitar 1                                                                    5x\r\ne|---6---6r-6-6-6-6-66-6--6r-6-6-6-6-66-6---6r--6-6-6-6-66-6-6r-6-6-6-6-66--||\r\nB|---6h7-7r-7-7-7-7-77-6--6r-6-6-6-6-66-6h7-7r--7-7-7-7-76-6-6r-6-6-6-6-66-.||\r\nG|---6---6r-6-6-6-6-66-6--6r-6-6-6-6-66-6h8-8r--8-8-8-8-86-6-6r-6-6-6-6-66--||\r\nD|---------------------------------------------------------8-8r-8-8-8-8-88--||\r\nA|-------------------------------------------------------------------------.||\r\nE|--------------------------------------------------------------------------||\r\nGuitar 2 (plays 2nd and 5th time through with guitar one)\r\n    |let ring              |let ring              |let ring\r\ne|-------9----------------------9----------------------9---------------------|\r\nB|-----11-11-9-11-11-11-11----11-11-9-11-11-11-11---11--11-9-11-11-11-11-11--|\r\nG|---11---------------------10---------------------9-------------------------|\r\nD|---------------------------------------------------------------------------|\r\nA|---------------------------------------------------------------------------|\r\nE|---------------------------------------------------------------------------|\r\nGuitar 2 (2nd part of solo)\r\ne|---------------------------------------------------------------------------|\r\nB|-11-11-11-11-11-11-9-7\\\\----------------------------------------------------|\r\nG|---------------------------------------------------------------------------|\r\nD|---------------------------------------------------------------------------|\r\nA|---------------------------------------------------------------------------|\r\nE|---------------------------------------------------------------------------|\r\n\r\n\r\nChorus\r\n\r\nGuitar 1\r\ne|------6-------6-------6-------6-------6-------6---------6----6------------||\r\nB|----7---7---6---7---6---6---6---6---7---7---7---7-----6---6----6---------.||\r\nG|--6-------6-------6-------6-------8-------8---------6------6--------------||\r\nD|--------------------------------------------------8-----------------------||\r\nA|-------------------------------------------------------------------------.||\r\nE|--------------------------------------------------------------------------||', 1);
INSERT INTO `songs_tbl` (`id`, `artistId`, `title`, `lyric`, `tab`, `visible`) VALUES
(45, 8, 'Do You Right', 'Passin\\'' the kind buds.\r\nKickin\\'' back in the sand in the sun.\r\nTo be alive is lovin\\''.\r\nWhere the shore meets the seam.\r\nMan I\\''m hummin\\'' I\\''m hummin\r\n\r\nI\\''m free as I stare at the sea.\r\nAnd I\\''m not comin\\'' down.\r\nThe world is yours once you have found.\r\nThe good is to share.\r\nWhich is elsewhere.\r\n\r\nThe beauty of green is where light is now broken by what it touches. Remembering what you once had told me hit home.\r\nAnd hasn\\''t it always been so.\r\n\r\nChorus:\r\nI\\''m free as I stare at the sea.\r\nAnd I\\''m not comin\\'' down.\r\nThe world is yours once you have found.\r\nThe good is to share.\r\nWhich is elsewhere.\r\n\r\nLike I said before I\\''ll say it once more.\r\nKnew you would make me feel so good.\r\nWanna do you right.\r\nCan\\''t get enough.\r\nThis is the stuff\r\nlife\\''s about and it trips me out.\r\nWanna do you right.\r\n\r\nBright mornings, days when I want so much.\r\nI want nothing, just this life and no more.\r\nIll come within this world\r\ntheres only one for me.\r\nShes waiting, Ill soon come.\r\n\r\nChorus\r\n\r\nFree from the burn the burn that helps spite and\r\nFree from the burn now baby dib your price\r\nNo buzz hack, no buzz hack\r\nNo buzz hack, no buzz hack\r\nSwing the thing you bring check it out\r\nHow could you be so good to me\r\nHow could you be so good to me\r\nI want to be worth\r\nI want to be worth\r\nBuzz hack hack hack buzz\r\nYea swing to the thing you bring\r\nCheck it out\r\n\r\nLike I said before I\\''ll say it once more\r\nKnew you would make me feel so good\r\nWanna do you right\r\nCan\\''t get enough\r\nThis is the stuff life\\''s about and it trips me out\r\nWanna do you right', 'Intro:\r\n\r\ne|---------------------|\r\nB|---------------------|\r\nG|---------------------|\r\nD|---------------------|\r\nA|---------------------|\r\nE|--0-4-5-0-4-5-0-4-5--|\r\n\r\nVerse 1 and Verse 2 and Verse 3:\r\n\r\n      E  D  E  D\r\ne|----7--5--7--5----|\r\nB|----9--7--9--7----|\r\nG|----9--7--9--7----|\r\nD|----9--7--9--7----|\r\nA|----7--5--7--5----|\r\nE|----7--5--7--5----|\r\n\r\nPrechorus:\r\n\r\n      E  F  E  F  E  F  E  F  F  F  F  F\r\ne|----0--1--0--1--0--1--0--1--1--1--1--1----|\r\nB|----0--1--0--1--0--1--0--1--1--1--1--1----|\r\nG|----1--2--1--2--1--2--1--2--2--2--2--2----|\r\nD|----2--3--2--3--2--3--2--3--3--3--3--3----|\r\nA|----2--3--2--3--2--3--2--3--3--3--3--3----|\r\nE|----0--1--0--1--0--1--0--1--1--1--1--1----|\r\n\r\nChorus:\r\n\r\n      A  D  E  D    \r\ne|----5--5--7--5----|\r\nB|----5--7--9--7----|\r\nG|----6--7--9--7----|\r\nD|----7--7--9--7----|\r\nA|----7--5--7--5----|\r\nE|----5--5--7--5----|\r\n\r\nSolo:\r\n\r\ne|--5-3-2-0--------------------|\r\nB|----------3-2-0-2-3-2-0------|\r\nG|------------------------2-2--|\r\nD|-----------------------------|\r\nA|-----------------------------|\r\nE|-----------------------------|', 1),
(46, 8, 'Flowing', 'Along the way to close my eyes\r\nI lost where I was going\r\nthe more it will spin\r\nthe more that I try\r\nto stop my mind flowing away, away\r\nto all that I despise\r\nalong the way to close my eyes\r\n\r\nYou cant be let down if you dont expect the world\r\nexpect to lay awake and by your sleeping girl\r\nif somebody cares then there is no way you can tell\r\ncursed consciousness is your private hell\r\n\r\nAlong the way to close my eyes\r\nI lost where I was going\r\nthe more it will spin\r\nthe more that I try\r\nto stop my mind flowing away, away\r\nto all that I despise\r\nalong the way to close my eyes\r\n\r\nTick, tick, tick the clock bludgeons your mind\r\nendlessly replaying times that were unkind\r\ngo away sun Im not prepared for you today\r\nit seems you are, it seems you are, huh!\r\n\r\nAlong the way to close my eyes\r\nI lost where I was going\r\nthe more it will spin\r\nthe more that I try\r\nto stop my mind flowing away, away\r\nto all that I despise\r\nalong the way to close my eyes', 'Intro:\r\n======\r\nG# - Cm - B - F#\r\nWith synth effects.\r\n\r\nChorus:\r\n=======\r\n   G#5      C5       B5       F#5 C#5\r\n1:------------------------------------\r\n2:------------------------------------\r\n3:----------5-5-5-5--4-4-4-4------6-6-\r\n4:-6-6-6-6--5-5-5-5--4-4-4-4--4-4-6-6-\r\n5:-6-6-6-6--3-3-3-3--2-2-2-2--4-4-4-4-\r\n6:-4-4-4-4--------------------2-2-----\r\n\r\n\r\nVerse:\r\n======\r\n[Part 1:]\r\n\r\n   F5 F#5    G5 G#5    F5     F#5 G5 G#5\r\n1:------------------------------------------\r\n2:------------------------------------------\r\n3:------------------------------------------\r\n4:-3--4-4-4--5--6-6-6--3-3-3--4---5--6-6-6--\r\n5:-3--4-4-4--5--6-6-6--3-3-3--4---5--6-6-6--\r\n6:-1--2-2-2--3--4-4-4--1-1-1--2---3--4-4-4--\r\n\r\n(Palm mute on the F#5 and G#5.  Also palm mute the F5 the second time.)\r\n\r\n[Part 2:]\r\n\r\n   A#5 G#5 A#5 G#5 A#5 G#5 A#5 G#5\r\n1:-------------------------------\r\n2:-------------------------------\r\n3:-------------------------------\r\n4:-8---6---8---6---8---6---8---6-\r\n5:-8---6---8---6---8---6---8---6-\r\n6:-6---4---6---4---6---4---6---4-\r\n\r\n[Part 3 (Palm Muted):]\r\n\r\n   F5     F#5    G5     G#5\r\n1:----------------------------\r\n2:----------------------------\r\n3:----------------------------\r\n4:-3-3-3--4-4-4--5-5-5--6-6-6-\r\n5:-3-3-3--4-4-4--5-5-5--6-6-6-\r\n6:-1-1-1--2-2-2--3-3-3--4-4-4-', 1),
(47, 8, 'Let The Cards Fall', 'Let the cards fall\r\nlet the cards fall where they may\r\nall I can do, all I can say\r\ngotta move to trust my instinct\r\nand surrender, let my song sing itself\r\nI am they who admit what they don\\''t know\r\nall my friends excitable, they\\''ll tell you so\r\n\r\nSo let the cards fall, and fall where they may\r\nin checkin\\'' on our conviction, dick\r\nwe run the shit our own way\r\nso do as you will, do as you wish\r\nfollow your bliss on everyday\r\nnever ask for an advantage\r\nlet the cards fall where they may, huh\r\n\r\nSo let the cards fall, and fall where they please\r\nask me while we\\''re at it, I do it with ease\r\ntaking up space is the people who try to hold you back\r\nbut in reality the majority really don\\''t give jack, huh', '\r\n    Intro Solo\r\n\r\n e---------------------------------------5-----------------------5---\r\n B--10-----10-----8\\\\7-8\\\\7---5--8\\\\7-8\\\\7-----5--8-8\\\\7---5--8-8\\\\7-----5-\r\n G-----11-----11----------5------------5------------5----------5-----\r\n D-------------------------------------------------------------------\r\n A-------------------------------------------------------------------\r\n E-------------------------------------------------------------------\r\n\r\n e------------------------------------------------------------------------\r\n B--/13-13--13/15-12-12/13\\\\12-12/13\\\\12------------------------------------\r\n G-------------------------------------14--12-11-9-12-11-9-11--12-11-9-11-\r\n D------------------------------------------------------------------------\r\n A------------------------------------------------------------------------\r\n E------------------------------------------------------------------------\r\n\r\n e------------------------------------------------------------------------\r\n B------------------------------------------------------------10-10-10-10-\r\n G-11-9------------------------------------5----9-10-9----12--9--9--9--9--\r\n D------12--10-10/12\\\\10------------------8---8---------10-----12-12-12-12-\r\n A----------------------12--/10-9-7-9-7-----------------------------------\r\n E------------------------------------------------------------------------\r\n\r\n e---------------------------------------------------------\r\n B--------------------10-------/12-14-15\\\\------------------\r\n G------12-11-9-----9----9----------------/12-14-12-14-12--\r\n D--/12---------/12--------12\\\\-----------------------------\r\n A---------------------------------------------------------\r\n E---------------------------------------------------------\r\n\r\n e--------------------------------------------------\r\n B--/15-13-12-12/13\\\\12-10-12-10---------------------\r\n G------------------------------12--11/12\\\\11--(11)\\\\-\r\n D--------------------------------------------------\r\n A--------------------------------------------------\r\n E--------------------------------------------------', 1),
(48, 8, 'Paradise', 'Everything you do it comes back to you. Whatever it may be.\r\nIf it isn\\''t one thing rest assured that something.\r\nWill come back and pay you for your deed\r\nA shortcut\\''s a self defeating means, if you cannot do it clean.\r\nYou\\''ll never reach your reward.\r\nAnd when the day is done, what you receive is the sum.\r\nOf what you took out, from what you put in.\r\n\r\nTimes deep in a dream seem a veiled realm.\r\nShadows what I think and feel is real.\r\nTimes in our tribe feel the tribe when we thrive.\r\nWe have no fear of death and no fear of life.\r\n\r\nChorus :\r\nI can\\''t forget you and our version of paradise.\r\nI can\\''t forget you and our version of paradise.\r\n\r\nEverything you do it comes back to you, whatever it may be.\r\nWhat you did as a devil or did as an angel.\r\nThe favor returns itself somehow.\r\nIf you take my money Ill buy you a drink and you\\''ll see.\r\nThat no one rides for free.\r\n\r\nAfraid of what I said then your mind is stricken.\r\nI\\''m wearing my heart sleeveless and I\\''m always up for kickin.\r\nThis is my favorite city pity everywhere the enemy.\r\nFrom the beginning serious history\r\nnothing\\''s ever given to no one. Rides for free.\r\nFrom the beginning radiant energy\\''s\r\nmusic what I need to keep my sanity.\r\n\r\nI say we fear no evolution stand up musical revolution.\r\nFollow me now when I say we can never stop in we never give.\r\nCuz this is how we breathe and live.\r\nSome of them whine and some of them bitch.\r\nThey cannot do it we never switch.\r\nWe do it for ourselves and we do it for you.\r\nIf you don\\''t like it well I hope you do.\r\nI\\''ve got to be honest.', 'Intro/Ending (w/Phaser):\r\n========================\r\n   N.C.                              **\r\n1:---------------------------------------------------------\r\n2:---------------------------------------------------------\r\n3:-8--11//14--13--8-8-8-8//6-6-6-6//4--8-8-8-8//6-6-6-6//4-\r\n4:---------------------------------------------------------\r\n5:-6---9//12--11--6-6-6-6//4-4-4-4//2--6-6-6-6//4-4-4-4//2-\r\n6:---------------------------------------------------------\r\n\r\nAt ** on second time play:\r\n[Guitar 1:]\r\n                           F#5   B5 A5 F#5 A5 B5 A5\r\n1:-------------------------------------------------\r\n2:-------------------------------------------------\r\n3:-------------------------------4--2------2--4--2-\r\n4:-------------------------4--4--4--2--4---2--4--2-\r\n5:-------------------------4--4--2--0--4---0--2--0-\r\n6:-------------------------2--2--------2-----------\r\n\r\n[Guitar 2:]\r\n   A5 B5 A5 B5 A5 B5 A5 B5 F#5   B5 A5 F#5 A5 B5 A5\r\n1:-------------------------------------------------\r\n2:-------------------------------------------------\r\n3:-------------------------------------------------\r\n4:-2--4--2--4--2--4--2--4--------4--2------2--4--2-\r\n5:-0--2--0--2--0--2--0--2--4--4--2--0--4---0--2--0-\r\n6:-------------------------2--2--------2-----------\r\n\r\nVerse A (Clean):\r\n================\r\n[Guitar 1:]\r\n   Amaj7    D7       Amaj7    D7\r\n1:-4-4-4-4--2-2-2-2--4-4-4-4--2-2-2-2-\r\n2:-2-2-2-2--1-1-1-1--2-2-2-2--1-1-1-1-\r\n3:-2-2-2-2--2-2-2-2--2-2-2-2--2-2-2-2-\r\n4:-2-2-2-2--0-0-0-0--2-2-2-2--0-0-0-0-\r\n5:-0-0-0-0-----------0-0-0-0----------\r\n6:------------------------------------\r\n\r\n[Guitar 2:]\r\n   E6           F#dim        E6           F#dim\r\n1:----------------------------------------------------\r\n2:-5-5-5--5--5--7-7-7--7--7--5-5-5--5--5--7-7-7--7--7-\r\n3:-6-6-6--6--6--5-5-5--5--5--6-6-6--6--6--5-5-5--5--5-\r\n4:-6-6-6--6--6--7-7-7--7--7--6-6-6--6--6--7-7-7--7--7-\r\n5:----------------------------------------------------\r\n6:----------------------------------------------------\r\n\r\n- or -\r\n   Amaj7        D7           Amaj7        D7\r\n1:-0-0-0--0--0--2-2-2--2--2--0-0-0--0--0--2-2-2--2--2-\r\n2:-2-2-2--2--2--1-1-1--1--1--2-2-2--2--2--1-1-1--1--1-\r\n3:-1-1-1--1--1--2-2-2--2--2--1-1-1--1--1--2-2-2--2--2-\r\n4:-2-2-2--2--2--0-0-0--0--0--2-2-2--2--2--0-0-0--0--0-\r\n5:-0-0-0--0--0---------------0-0-0--0--0--------------\r\n6:----------------------------------------------------\r\n\r\nVerse B:\r\n========\r\n[Guitar 1:]\r\n   F#m      Bm       F#m      Bm       C#m\r\n1:-2-2-2-2--2-2-2-2--2-2-2-2--2-2-2-2--4-4-4-4-4-4-4-\r\n2:-2-2-2-2--3-3-3-3--2-2-2-2--3-3-3-3--5-5-5-5-5-5-5-\r\n3:-2-2-2-2--4-4-4-4--2-2-2-2--4-4-4-4--6-6-6-6-6-6-6-\r\n4:-4-4-4-4--4-4-4-4--4-4-4-4--4-4-4-4--6-6-6-6-6-6-6-\r\n5:-4-4-4-4--2-2-2-2--4-4-4-4--2-2-2-2--4-4-4-4-4-4-4-\r\n6:-2-2-2-2-----------2-2-2-2-------------------------\r\n                                     *\r\n\r\n[Guitar 2:]\r\n   A6       Bm       A6       Bm       C#m\r\n1:-2-2-2-2--2-2-2-2--2-2-2-2--2-2-2-2--4-4-4-4-4-4-4-\r\n2:-2-2-2-2--3-3-3-3--2-2-2-2--3-3-3-3--5-5-5-5-5-5-5-\r\n3:-2-2-2-2--4-4-4-4--2-2-2-2--4-4-4-4--6-6-6-6-6-6-6-\r\n4:---------------------------------------------------\r\n5:---------------------------------------------------\r\n6:---------------------------------------------------\r\n                                     *\r\n\r\nVerse C (Play after the * in Verse B):\r\n======================================\r\n[Guitar 1:]\r\n   B5 A5 F#5 A5 B5 A5\r\n1:-------------------\r\n2:-------------------\r\n3:-------------------\r\n4:-4--2------2--4--2-\r\n5:-2--0--4---0--2--0-\r\n6:-------2-----------\r\n\r\n[Guitar 2:]\r\n   B5 A5 F#5 A5 B5 A5\r\n1:-------------------\r\n2:-------------------\r\n3:-4--2------2--4--2-\r\n4:-4--2--4---2--4--2-\r\n5:-2--0--4---0--2--0-\r\n6:-------2-----------\r\n\r\nPre-Chorus:\r\n===========\r\n   E5           B5\r\n1:----------------------\r\n2:----------------------\r\n3:----------------------\r\n4:--------------4-4-4-4-\r\n5:-2-2-2-2-2-2--2-2-2-2-\r\n6:-0-0-0-0-0-0----------\r\n\r\nChorus A:\r\n=========\r\n[Guitar 1:]\r\n   G    C\r\n1:-3-3------\r\n2:-3-3--5-5-\r\n3:-4-4--5-5-\r\n4:-5-5--5-5-\r\n5:-5-5--3-3-\r\n6:-3-3------\r\n\r\n[Guitar 2:]\r\n   G            C/G\r\n1:---------------------------\r\n2:---------------------------\r\n3:---------------------------\r\n4:---------------------------\r\n5:---5--------5---7--------7-\r\n6:-3---3-3--3---3---3-3--3---\r\n\r\nChorus B:\r\n=========\r\n[Guitar 1:]\r\n   F#m\r\n1:-2-\r\n2:-2-\r\n3:-2-\r\n4:-4-\r\n5:-4-\r\n6:-2-\r\n\r\n[Guitar 2:]\r\n   F#5\r\n1:---\r\n2:---\r\n3:---\r\n4:-4-\r\n5:-4-\r\n6:-2-\r\n\r\nBridge 1:\r\n=========\r\n   N.C.\r\n1:-----------------------------------\r\n2:-----------------------------------\r\n3:-----------------------------------\r\n4:-----------------------------------\r\n5:---5-5-5--5-5-5--5----5-5-5--5-5-5-\r\n6:-0------------------0--------------\r\n\r\nBridge 2:\r\n=========\r\n   N.C.\r\n1:------------------------------\r\n2:------------------------------\r\n3:------------------------------\r\n4:------------------------------\r\n5:---------5------5-------7-----\r\n6:-0--3--3---3-3----3--3----3-3-', 1),
(49, 4, 'Caribou', 'G  Cm       G      Cm        G    \r\n I live cement,  I hate this street\r\n     Cm      G      Cm     G\r\nGive dirt to me  I bite lament\r\n     Cm     G         Cm     G\r\nThis human form, Where I was born,\r\n  Cm     G      Cm\r\nI now repent,  \r\n       \r\n[Chorus]\r\n       G   Cm   G   Cm      G   Cm   G   Cm\r\nCari-bou                Cari-bou\r\n       G   D#   A#   B   C#   G   D#   A#   B   C#\r\nCari-bou                          oooooooooooooooh\r\nD#   B   C#    D#   B   C#\r\n  REPENT         REPENT\r\n\r\nG Cm     G      Cm        G\r\n Give me white  Ground to run\r\nCm      G     Cm      G\r\nAnd foregone  Lets me naive\r\nCm      G     Cm     G    Cm     G    Cm\r\nNothing lets  I will get  What I like', 'Intro]\r\ne---0-0-0-0-0---0-0-0-0-0---0-0-0-0-0--0-2-3-2-0--\r\nB-5-5-4-2-0-1-5-5-4-2-0-0-5-5-4-2-0-1--1-1-1-1-0--\r\nG-----------2-----------1-----------0-------------\r\nD-----------2-----------2-----------2-------------\r\nA-----------0-----------2-----------3-------------\r\nE-----------------------0^------------------------\r\n                   ^whammy down\r\n\r\nG     Cm      G\r\n\r\nCm \r\ne--3---3---3-----------\r\nB--3h4-3h4-3h4---6b7r6-\r\nG--5---5---5-----------\r\nD----------------------\r\nA----------------------\r\nE----------------------', 1),
(50, 4, 'Holiday Song', '     Am        C         F     C      Am     C           F      C\r\nwell sit right down my wicked son and let me tell you a story \r\n  Am      C        F         C        Am     F     C      F  \r\nabout the boy who fell from glory and how he was a wicked son\r\n\r\nG              F        Am C    F  C\r\nthis ain\\''t no holiday       no, no\r\nG             F\r\nbut it always turns out this way \r\nD        \r\nhere i am with my hands\r\n\r\n\r\nVerse2: \r\n   Am       C      F        C        Am               C       F  c\r\nHe took his sister from his head And then painted her on the sheets\r\n         Am         C     F         C              Am           C         F   C\r\nAnd then rolled her up in grass and trees And they kissed \\''till they were dead\r\n\r\n\r\nVerse 3: \r\n     Am        C       F    C       Am     C          F   C    \r\nWell sit right down my evil son And let me tell you a story\r\n  Am      C       F         C         Am     C     F      C\r\nAbout the boy who fell from glory And how he was a wicked son', 'Intro:\r\n-0-0-0-0-0-0-0-0-0-0-0-0-0-0-0-0-|\r\n-1-1-1-3-3-3-3-3-0-0-0-1-1-1-1-1-|\r\n---------------------------------|\r\n---------------------------------|\r\n---------------------------------|\r\n---------------------------------|\r\n\r\nRiff 1\r\nAm     C   F    C    Am     C   F     C\r\n------------------------------------------|\r\n-1-0------------------1-0------------0----|\r\n-----2-0---0---0-2--------2-0---0------2--|\r\n---------2---2----------------2---2-------|\r\n------------------------------------------|\r\n------------------------------------------|\r\n\r\n---------------------------------|\r\n-1-0-----------------------------|\r\n-----2-0---0---0-2--9-9-9\\\\8/9-9--|\r\n---------2---2-------------------|\r\n---------------------------------|\r\n---------------------------------|', 1),
(51, 4, 'Lovely Day', 'Bm					   Bm\r\nAt the station, at the border an egression to the exterior law and order\r\n            G  F#\r\nupward plantation\r\nBm\r\ni remember your red dress like a field full o\\'' poppy\r\n\r\nyou were making me dreamy\r\nBm          \r\nstunned by a love got to do what your head says\r\n                  G  F#\r\ncould not let it stop me\r\n                       D  G  Em7\r\nthey got one leaving today                             \r\n                       D  G  Em7\r\nthey got one leaving today\r\n                       D  G  Em7\r\nthey got one leaving today\r\n                 G  F#\r\nand it\\''s going away\r\nBm\r\ngot my feet in the stirrup it can be kind of banal\r\n			      Bm\r\nbut i dream of your red dress riding down these dry canals\r\n\r\noh baby it\\''s not europe\r\n\r\nbut i\\''m sending you money i\\''m sending you lots of money\r\n\r\nso you can buy a ticket you will be my martian honey all the day\r\n\r\nD  G  Em7\r\nthey got one leaving today                             \r\nD  G  Em7\r\nthey got one leaving today\r\nD  G  Em7\r\nthey got one leaving today\r\nG  F#\r\nand it\\''s going away', 'INTRO\r\nE|----------------------------------|\r\nB|-------------------------------3--|\r\nG|-------------------------------4--|\r\nD|-------------------------------4--|\r\nA|--2-2-2--4--2--2-2--2-2--ETC---2--|\r\nE|----------------------------------|\r\n\r\nRiff 1\r\nE|---------------------------------------|\r\nB|--10---9---7--10---9---7--10---9---7---|\r\nG|---------------------------------------|\r\nD|---------------------------------------|\r\nA|---------------------------------------|\r\nE|---------------------------------------|\r\n\r\nE|---------------------------|\r\nB|--9--7--9--7--9--7---------|\r\nG|---------------------9--8--|\r\nD|---------------------------|\r\nA|---------------------------|\r\n\r\nOUTRO LEAD GUITAR\r\nE|-----------------------------------------------------|\r\nB|------------*7p5h6h7p5----*7p5h6h7p5----*7p5h6h7p5---|\r\nG|------7-9b--------------8-------------8------------8-|\r\nD|--7-9------------------------------------------------|\r\nA|-----------------------------------------------------|\r\nE|-----------------------------------------------------|\r\n\r\nE|------------------------------------|\r\nB|------------------7--5--------------|\r\nG|--9--8--6--9-8-6--------8--6--9-8-6-|\r\nD|------------------------------------|\r\nA|------------------------------------|\r\nE|------------------------------------|\r\n\r\nTremolo pick\r\nE|----------------------------|\r\nB|--12----------13-----12-----|\r\nG|----------------------------|\r\nD|----------------------------|\r\nA|----------------------------|\r\nE|----------------------------|', 1),
(52, 4, 'Hey', 'hey\r\nbeen trying to meet you\r\nhey\r\nmust be a devil between us\r\nor whores in my head\r\nwhores at my door\r\nwhores in my bed\r\nbut hey\r\nwhere\r\nhave you\r\nbeen if you go i will surely die\r\nwe\\''re chained\r\n\r\nuh said the man to the lady\r\nuh said the lady to the man she adored\r\nand the whores like a choir\r\ngo uh all night\r\nand mary ain\\''t you tired of this\r\nuh\r\nis\r\nthe\r\nsound\r\nthat the mother makes when the baby breaks\r\nwe\\''re chained', '  Bass intro:\r\nG----------------------------------------------------------------------\r\nD----------------------------------------------------------------------\r\nA-----------------0--1--2------2--2---3--4--5----5--5------------------\r\nE----2--------------------------------------------------0--2--3---3--3-\r\n\r\n --------------------\r\n --------------------\r\n --------------------\r\n --0--1--2---2-------\r\n\r\n Main Guitar Part  \r\n   D                             F#            D\r\nE-------2-x-----------2--------|-------2-x----------2----------\r\nB--3----3-x---3--3-------3--3--|--2----2-x--2--3-------3--3----\r\nG--2h4--------2--2h4-----4--2--|--2h3-------2--2h4-----4--2----\r\nD------------------------------|-------------------------------\r\nA------------------------------|-------------------------------\r\nE------------------------------|-------------------------------\r\n\r\nE-------------------------------------------------------------------\r\nB---3------------------------2--------------------------------------\r\nG-------4---2--------------------2----------------------------------\r\nD---------------4----2\\\\3\\\\4-----------4---2---2\\\\3\\\\4----2-2---0-------\r\nA---------------------------------------------------------------2---\r\nE-------------------------------------------------------------------\r\n\r\n\r\n----------------------------------------------\r\n----------------------------------------------\r\n----------------------------------------------\r\n--------------2-2---0-------------------------\r\n---0--0\\\\1\\\\2-------------2----0--0\\\\1\\\\2---------\r\n----------------------------------------------\r\n\r\n  SOLO part Two: Rhythm guitar comes in \r\nE-----------------------0--2--10--10------------------------10--10------\r\nB--3---3--5--5^-----3-----------------12--10------------------------12--\r\nG---------------------------------------------11---9\\\\10\\\\11--------------\r\nD-----------------------------------------------------------------------\r\nA-----------------------------------------------------------------------\r\nE-----------------------------------------------------------------------\r\n\r\n\r\n-----------------------------------------------------\r\n--10-------------------7----7----7---7---7---7---7---\r\n------11---9\\\\10\\\\11-----9^---9^---9^--9^--9^--9^--9^--\r\n-----------------------------------------------------\r\n-----------------------------------------------------\r\n-----------------------------------------------------\r\n\r\nChords used: G Bm Em', 1),
(53, 4, 'Motorway To Roswell', 'B             C#m\r\nLast night he could not make it\r\nG#                   C#m\r\nHe tried hard but he could not make it\r\nB             C#m\r\nLast night he could not make it\r\n\r\nB        C#m\r\nOn a holiday \r\nG#\r\nFor many miles\r\nC#m                    B\r\nLooking for a place to stay\r\nB                  C#m  \r\nNear some friendly star\r\nG#\r\nHe found this mote\r\n    C#m                    B\r\nAnd now we wonder where we are\r\nB                 C#m\r\nHow could this so great\r\nG#\r\nTurn so shitty\r\n   C#m              B\r\nHe ended up in army crates\r\nB                  C#m\r\nAnd photographs in files\r\nG#\r\nHis tiny boat\r\nC#m                     B          G#\r\nSparked as he turned to grazed our city\r\n\r\nE                        G\r\nI started driving on the motorway\r\n\r\nB             E\r\nI was feeling down\r\n\r\nB C#m G# C#m  B C#m G# C#m\r\n\r\nB             C#m               G#   C#m\r\nLast night he could not make it\r\nB             C#m\r\nLast night he could not make it\r\nG#                   C#m\r\nHe tried hard but he could not make it\r\nB             C#m     \r\nLast night he could not make\r\n\r\nOn a holiday\r\nSo many miles\r\nLooking for a place to stay\r\nNear some friendly star\r\nHe found this mote\r\nAnd now we wonder\r\nHow could this so great\r\nTurn so shit\r\nHe ended up in army crates\r\nAnd photographs in files\r\nHis tiny boat\r\nSparked as he grazed it\r\n\r\nLast night he could not make it He tried hard but he could not make it\r\n\r\nLast night he could not make it He tried hard but he could not make it\r\n\r\nE  			   G	    B		      E		\r\nHe started heading for the motorway And he came right down  (7X)\r\n\r\n', '[Intro]\r\ne-6--6-6--6-6-6-6--8-8--8-8-8-8--8-8--8-8-8-8--10-10--10-10-10-10--8-8--8-8-8-8--\r\nB-7--7-7--7-7-7-7--8-8--8-8-8-8--8-8--8-8-8-8--10-10--10-10-10-10--8-8--8-8-8-8--\r\nG--------------------------------------------------------------------------------\r\nD--------------------------------------------------------------------------------\r\nA--------------------------------------------------------------------------------\r\nE--------------------------------------------------------------------------------', 1),
(55, 16, 'Wicked Game', 'World was on fire, no one could save me but you\r\nIt\\''s strange what desire will make foolish people do\r\nI\\''d never dreamed that I\\''d need somebody like you\r\nNo, I\\''d never dreamed that I\\''d need somebody like you\r\nNo, I don\\''t wanna fall in love\r\nthis world is always gonna brake your heart\r\nNo, I don\\''t wanna fall in love\r\nthis world is always gonna brake your heart\r\n..with you\r\nWhat a wicked game to play\r\nTo make me feel this way\r\nWhat a wicked thing to do\r\nTo let me dream of you\r\nWhat a wicked thing to say\r\nYou never felt this way\r\nWhat a wicked thing you do\r\nTo make me dream of you\r\nNo, I don\\''t wanna fall in love\r\nthis world is always gonna brake your heart\r\nNo, I don\\''t wanna fall in love\r\nthis world is always gonna brake your heart\r\n..with you\r\nWorld was on fire, no one could save me but you\r\nIt\\''s strange what desire will make foolish people do\r\nNo, I never dreamed that I\\''d love somebody like you\r\nI\\''ll never dream that I lose somebody like you, no\r\nNow I wanna fall in love\r\nThis world is always gonna brake your heart\r\nNow I wanna fall in lust\r\nThis world is always gonna brake your heart\r\n..with you\r\nNobody loves no one ', 'Standard Tuning\r\n\r\nIntro/Solo\r\n|-----------------------------------|-------------------------------------------0--|\r\n|----------5b(7)--(7)--(7)pb5-\\\\--0--|----------5b(7)--(7)-----5-3-2-0-----------0--|\r\n|-----------------------------------|-----------------------x--------------2----1--|\r\n|--(9)pb7---------------------------|--(9)pb7-------------x--------------2---2--2--|\r\n|-----------------------------------|-------------------------------------------2--|\r\n|-----------------------------------|-------------------------------------------0--|\r\n\r\nMain Riff: Bm A E\r\n\r\n|---2-----0------------------------0-------------------|\r\n|-----3-----3---2-----0------------0-------------0-----|\r\n|-------4-----4---2-----2---2------1-------1--2--2/4---|\r\n|-------------------2-----2---2----2-----2-------------|\r\n|-2-----------------------------2--2-------------------|\r\n|----------------------------------0-------------------|\r\n\r\n|---2-----0------------------------0------------0------|\r\n|-----3-----3---2-----0------------0------------0------|\r\n|-------4-----4---2-----2---2------1-------2----1------|\r\n|-------------------2-----2---2----2-----2---2--2------|\r\n|-2-----------------------------2--2------------2------|\r\n|----------------------------------0------------0------|\r\n\r\n/ = slide up\r\n\\\\ = slide down\r\nb = bend\r\npb = prebend\r\n\r\nTabbed by Rex Monday', 1),
(56, 7, 'No Buses', 'Lady, where\\''s your love gone?\r\nI was looking but can\\''t find it anywhere\r\nThey always offer when there\\''s loads of love around\r\nBut when you\\''re short of some, it\\''s nowhere to be found\r\n\r\nWell I know your game, you told him yesterday\r\nNo chance. You\\''ll get nothing from me\r\nBut now she\\''s there, your there and everybody\\''s there\r\nHe\\''s in turmoil, as puzzled as can be\r\nJust like me\r\n\r\nLet\\''s go down, down\r\nLow down\r\nWhere I know I should not go\r\nOh she thinks she\\''s the one\r\nBut she\\''s just one in 24\r\nAnd just \\''cause everybody\\''s doin\\'' it\r\nDoes that mean that I can too?\r\n\r\nLady, where\\''s your love gone?\r\nIt was the antiseptic to the sore\r\nTo hold you by the hand, must he first be in demand\r\nHow he longs for you to long for him once more\r\nJust once more\r\n\r\nLet\\''s go down, down\r\nLow down\r\nWhere I know I should not go\r\nOh she thinks she\\''s the one\r\nBut she\\''s just one in 24\r\nAnd just \\''cause everybody\\''s doin\\'' it\r\nDoes that mean that I can too?\r\n\r\nHer eyes went down, and cut you up\r\nThere\\''s nothing like a dirty look from\r\nThe one you want, or the one you\\''ve lost\r\n\r\nAn ache in your soul\r\nIt\\''s everybody\\''s goal to get what they can\\''t have\r\nThat\\''s why you\\''re after her and that\\''s why she\\''s after him\r\nBut saying it wont change a thing\r\n\r\nI now realize that it wont change a thing\r\nRealize that it wont change a thing. ', 'Standard Tuning\r\nCapo 4th fret\r\n\r\nIntro\r\ne|-3--0--0----1--5--3----1--5--7--5--5--3-3--0--|\r\nB|-5--1--0----1--6--5----1--6--8--5--6--3-5--1--|\r\nG|-5--2--0----2--5--5----2--7--9--6--7--4-4--0--|\r\nD|-------------------------------------------2--|\r\nA|-------------------------------------------3--|\r\nE|----------------------------------------------|\r\n\r\n\r\nVerse\r\n___C__Am_Em___F__F__C__C7_F__Dm_Em_A__Dm_G_GaddF_C_____C7___________________\r\n\r\ne|-0--0--0----1--5--------1--5--7--5--5----------0--|--0-------------------|\r\nB|-1--1--0----1--6--5--3--1--6--8--5--6--3-5-----1--|--1-------------------|\r\nG|-0--2--0----2--5--5--1--2--7--9--6--7--4-4-----0--|--3--(2nd & 3rd time)-|\r\nD|-2--2--2----3--7--5--2--2--7--9--7--7--5-5-----2--|--2-------------------|\r\nA|-3--0--2----3--8--3--3--3--5--7--7--5----------3--|--3-------------------|\r\nE|-------0----1-----------1--------5----------------|----------------------|\r\n____________________________________________________________________________\r\n__Lady...___________________________________________________________________\r\n\r\n\r\nChorus\r\n___F_______E_______Am______Dm_________F___________________E________________\r\n\r\ne|-1-------0-------0-------1---|----|-1-1-1---1-1-1-1-1---0-0-0---0-0-0-0-|\r\nB|-1-------0-------1-------3---|----|-1-1-1---1-1-1-1-1---0-0-0---0-0-0-0-|\r\nG|-2-------1-------2--0----2---|-x2-|-2-2-2---------------1-1-1-----------|\r\nD|-3----0--2----0--2----3--0---|----|-3-3-3---------------2-2-2-----------|\r\nA|-3--3----2--3----0-----------|----|-3-3-3---------------2-2-2-----------|\r\nE|---------0-------------------|----|-1-1-1---------------0-0-0-----------|\r\n___________________________________________________________________________\r\n__Let\\''s go down...___________________Just \\''cause...________________________\r\n\r\n\r\nBridge\r\n__Am_______________Em7_______Em7_Ebm7_Dm7______________Am________Em7______\r\n\r\ne|----------0---0--0-0-0-0---7----6----5-5-5-5-5-5-5-5-----------0-------|\r\nB|-1-1-1-1----3----0-0-0-0---8----7----6-6-6-6-6-6-6-6--------1--0--3--1-|\r\nG|-2-2-2-2---------0-0-0-0---7----6----5-5-5-5-5-5-5-5--2-2-2----0-------|\r\nD|-2-2-2-2---------0-0-0-0---9----8----7-7-7-7-7-7-7-7--2-2-2----0-------|\r\nA|-0-0-0-0---------2-2-2-2---7----6----5-5-5-5-5-5-5-5--0-0-0----2-------|\r\nE|-----------------0-0-0-0---------------------------------------0-------|\r\n__________________________________________________________________________\r\n__Her eyes went down...___________________________________________________\r\n\r\n__Am_______________Em7_______Em7_Ebm7_Dm7______________Am_________________\r\n\r\ne|----------0--3--0-0-0-0---7----6----5-5-5-5-5-5-5-5-----------0----(0)-|\r\nB|-1-1-1-1--------0-0-0-0---8----7----6-6-6-6-6-6-6-6--------1--1/5--(5)-|\r\nG|-2-2-2-2--------0-0-0-0---7----6----5-5-5-5-5-5-5-5--2-2-2-------------|\r\nD|-2-2-2-2--------0-0-0-0---9----8----7-7-7-7-7-7-7-7--2-2-2-------------|\r\nA|-0-0-0-0--------2-2-2-2---7----6----5-5-5-5-5-5-5-5--0-0-0-------------|\r\nE|----------------0-0-0-0------------------------------------------------|\r\n__________________________________________________________________________\r\n__The one you want..._____________________________________________________\r\n\r\n\r\nOutro\r\n___C__C7___Dm__G__GaddF_C__C7__________________________C___\r\n\r\ne|-3--3--|-5------------3--3--|------------5-----------0--|\r\nB|-5--5--|-6---3--5-----5--5--|-------5--8----3--5--3--1--|\r\nG|-5--3--|-7---4--4-----5--3--|----7----------4--------0--|\r\nD|-5--5--|-7---5--5-----5--5--|---7-----------5--------2--|\r\nA|-3--3--|-5------------3--3--|--5---------------------3--|\r\nE|-------|--------------------|---------------------------|\r\n___________________________________________________________\r\n__________Realize..._______________________________________\r\n\r\nTabbed by Rex Monday', 1),
(57, 17, 'Knock Me Down', 'Never too soon to be through\r\nbeing cool too much too soon\r\ntoo much for me and too much for you\r\nyou\\''re gonna lose in time\r\ndon\\''t be afraid to show your friends\r\nthat you hurt inside inside\r\npain\\''s part of life don\\''t hide behind your false pride\r\nit\\''s a lie your lie\r\n\r\nif you see me getting mighty\r\nif you see me getting high\r\nknock me down\r\ni\\''m not bigger than life\r\n\r\ni\\''m tired of being untouchable\r\ni\\''m not above the love\r\ni\\''m part of you and you\\''re part of me\r\nwhy did you go away\r\nfinding what you\\''re looking for\r\ncan end up being such a bore\r\ni pray for you most every day\r\nmy love\\''s with you now fly away\r\n\r\nif you see me getting mighty\r\nif you see me getting high\r\nknock me down\r\ni\\''m not bigger than life\r\n\r\nit\\''s so lonely when you don\\''t even know yourself\r\nit\\''s so lonely', 'Tab coming soon, promise.\r\n\r\nMeanwhile...\r\n\r\nverse\r\nDm7 C Bb x3 A5 A#5\r\nEm7 D C x3 B5 C5\r\n\r\nyou wrote it down anyway didn\\''t you?', 1),
(58, 4, 'All Over The World', 'F#   D            G      D         F#\r\n   A pet  at my side,   God in the sky,\r\n   D              G       D\r\n   snow   falling down,  freeze my body\r\nF#     D    G             D\r\nto the ground.   I can\\''t ride,\r\nF#     D           G           D\r\n   but one more time   I will ride\r\nF#     D               G   D    F#   D   G    D\r\n   all over the world.\r\n\r\nContinue With F# D G D:\r\n\r\nWashed over the side top of the sky\r\nSlow diver down Two feet land on a\r\ndiff\\''rent ground You can\\''t live easily\r\nyou can\\''t even speak But all of them\r\nspeak all over the world all over the world\r\nall over the world all over the world\r\nall over the world all over the world\r\nall over the world  G D\r\n\r\n[Bridge]\r\n\r\nA#                  Gm\r\n   I will meet you  over there.\r\nF#   D       G  D  F# D\r\n       I am...\r\nA#                 Gm          F# D   G D   F# D   G D\r\ngoing to meet you  over there.\r\n\r\n[Verse 2] - same chords (F# D G D)\r\n\r\nWashed over the side top of the sky\r\nSlow diver down Two feet land on a\r\ndiff\\''rent ground You can\\''t live easily\r\nyou can\\''t even speak Fish all of them\r\nspeak All over the world    F# D G D\r\n\r\nA plain with no herd Not even a bird\r\nWhen one side is hot The other side of the \r\nmoon is not It\\''s just like a ride Maybe \r\nsometime They\\''ll make it a ride \r\nAll over the world All over the world\r\nAll over the world All over the world\r\nAll over the world All over the world\r\nAll over the world    G D\r\n\r\n[Bridge]\r\nA#                  Gm\r\n   I will meet you  over there.\r\nF#   D       G  D  F# D\r\n       I am...\r\nA#                 Gm          \r\ngoing to meet you  over there.\r\n\r\nBm Gmaj7 C (10X)\r\n\r\nBm Gmaj7 C        Bm            Gmaj7        C\r\n          All my thoughts  All I am  Are my thoughts\r\n        Bm            Gmaj7         C      Bm\r\nAll my thoughts  I am all What I\\''m taught\r\n               Gmaj7  C   Bm              Gmaj7    C\r\nBetter call a ranger        Got a train derailment\r\nBm              Gmaj7   C         Bm\r\n  Better call a ranger   What I\\''m taught\r\n     Gmaj7        C                Bm\r\nAll I am  Are my thoughts  All my thoughts\r\n      Gmaj7       C                 F# A B A F# A B A F#\r\nAll I am  Are my thoughts  What I\\''m not', 'INTRO\r\n\r\nG------------------------------------\r\nB--15----14--12---14--12-12-----10---\r\nE------------------------------------\r\n\r\n\r\n\r\nGmaj7\r\n354433\r\nor\r\n--10--\r\n--12--\r\n--11--\r\n--12--\r\n--10--\r\n------', 1),
(59, 18, 'Song For Clay (Disappear Here)', 'I am trying to be heroic,\r\nIn an age of modernity.\r\nI am trying to be heroic,\r\nbecause all around me history sings.\r\n\r\nSo I enjoy and I devour\r\nflesh and wine and luxury.\r\nBut in my heart,\r\nI am lukewarm;\r\nnothing ever really touches me.\r\n\r\nAt Les Trois Garons\r\nwe meet at precisely 9 o\\''clock.\r\nI order the foie gras\r\nand I eat it with complete disdain.\r\nBubbles rise in champagne flutes,\r\nbut when we kiss, I feel nothing.\r\n\r\nFeasting on sleeping pills\r\nand Marlboro Reds.\r\n(self-pity won\\''t save you)\r\n\r\nOh how our parents\r\nthey suffered for nothing\r\nLive the dream, live the dream, live the dream\r\nLike the 80s never happened.\r\nPeople are afraid, are afraid\r\nTo merge on the freeway.\r\nDisappear here\r\n\r\nWe stroll past the queue\r\ninto the magazine launch party.\r\nI am handed a pill,\r\nand I swallow with complete disdain.\r\nKick-drum pounds off the high-hat;\r\nRemember to look bored.\r\nWe suck each others\\'' faces,\r\nand make sure we are noticed.\r\n\r\n(Cocaine won\\''t save you)\r\nBecause East London is a vampire,\r\nit sucks the joy right out of me\r\nHow we long for corruption in these golden years.\r\n\r\nOh how our parents\r\nthey suffered for nothing\r\nLive the dream, live the dream, live the dream\r\nLike the 80s never happened.\r\nPeople are afraid, are afraid\r\nTo merge on the freeway.\r\nDisappear here x4', 'Intro (w Capo 1st fret)\r\n\r\nAm E F C Em Am E F Dm D?xx0210\r\nAm E Dm C Em Am E F F\r\n\r\nFig 1 (also w Capo)\r\nE|-----0-------0-------0-------0---|\r\nB|---1---1---1---1---1---1---1---1-|\r\nG|-2-------2-------2-------2-------|\r\nD|---------------------------------|\r\nA|---------------------------------|\r\nE|---------------------------------|\r\nx3\r\n\r\n\r\nRiff 1 (no Capo)\r\n\r\nE|----|------------------------------------------------------------------|\r\nB|----|------------------------------------------------------------------|\r\nG|----|------------------------------------------------------------------|\r\nD|----|------------------------------------------------------------------|\r\nA|-6\\\\-|-0-0-0-2-3-3--------------------/5-5-5-5-5-5-5-5-----3-3-----2-2--|\r\nE|----|-------------0-0-1-1-1-1-3-3-3-3-----------------1-1-----3-3------|\r\nx2\r\n\r\nRiff 2 (w Riff 1)\r\n\r\nE|-----------------------------------------------------------------|\r\nB|-----------------------------------------------------------------|\r\nG|-----------------------------------------------------------------|\r\nD|-------------------------------------------------6-6-4-4-3-4-3-3-|\r\nA|-4-4-4-6-8-8-----4-4-4-4-6-6-6-6-6-6-6-6-6-6-6-6-----------------|\r\nE|-------------4-4-------------------------------------------------|\r\n\r\n\r\nE|-----------------------------------------------------------------|\r\nB|-----------------------------------------------------------------|\r\nG|-----------------------------------------------------------------|\r\nD|-----------------------------------------------------------------|\r\nA|-4-4-4-6-8-8-----4-4-4-4-6-6-6-6-6-6-6-6-6-6-6-6-------------8-8-|\r\nE|-------------4-4---------------------------------6-6-8-8-9-9-----|\r\n\r\nRepeat Fig 1 x8\r\n\r\nChorus\r\nE|------------------------------------------------------------------|\r\nB|------------------------------------------------------------------|\r\nG|------------------------------------------------------------------|\r\nD|-3-3-3-3-6-6-6-6---------8-8-8-8---------8-8-8-8------------------|\r\nA|-1-1-1-1-4-4-4-4-4-4-4-4-6-6-6-6-4-4-4-4-6-6-6-6-4-4-4-4-6-6-6-6--|\r\nE|-----------------2-2-2-2---------2-2-2-2---------2-2-2-2-4-4-4-4--|\r\nx4\r\n\r\n_________________________________________________________________________________\r\n\r\n\r\nE|-----------------------------------------------------------------------------|\r\nB|(14)-(14)-(14)--------------------------------------(14)--(14)---------------|\r\nG|-13---13---13-11-10--------------------------10------13-13-13-11-10----------|\r\nD|----------------------13--13----11--13-13-13----11--------------------13--11-| x3\r\nA|-----------------------------------------------------------------------------|\r\nE|-----------------------------------------------------------------------------|\r\n\r\nE|--13----------------13----------------13----------------14-13-------------|\r\nB|--14----14--14--14--14----14--14--14--14----14--14----14--------14-14--14-|\r\nG|-----13-13--13--13-----13-13--13--13-----13-13--13--13--------13---13--13-|\r\nD|--------------------------------------------------------------------------|\r\nA|--------------------------------------------------------------------------|\r\nE|--------------------------------------------------------------------------|\r\n\r\n\r\nSolo\r\n\r\nE|----------------------------------------------------------------|\r\nB|----------------------------------------------------------------|\r\nG|-6--------------------------------------8p6h8p6h8p6h8p6---------|\r\nD|----------------------------------------------------------------|\r\nA|----------------------------------------------------------------|\r\nE|----------------------------------------------------------------|\r\n\r\nE|------------------------------------------------------------------|\r\nB|--------------------------11--10----------------------------------|\r\nG|-10-------------------------------11--10--8--6-----5--------------|\r\nD|------------------------------------------------------------------|\r\nA|------------------------------------------------------------------|\r\nE|------------------------------------------------------------------|\r\n\r\n\r\nBridge\r\n\r\nGuitar 2 - Delay\r\nE|----------------------------------------------------------------|\r\nB|----------------------------------------------------------------|\r\nG|-------11-------------------------------------------------------|\r\nD|-----------10--11--10--8--10--11--10--5--6--8--5--6--8--10------|\r\nA|----------------------------------------------------------------|\r\nE|----------------------------------------------------------------|\r\n\r\n\r\nGuitar 1\r\n\r\nE|------------------------------------------------------------------------------|\r\nB|------------------------------------------------------------------------------|\r\nG|------------------------------------------------------------------------------|\r\nD|--8-8-8-8-8-----------------------------------3-3-3-3-3-3-3-3-3-3-3-3-3-3-3-3-|\r\nA|--8-8-8-8-8-----------------------------------3-3-3-3-3-3-3-3-3-3-3-3-3-3-3-3-|\r\nE|--6-6-6-6-6-----------------------------------5-5-5-5-5-5-5-5-5-5-5-5-5-5-5-5-|\r\n\r\n\r\nE|-----------------------------------------------------------------------------|\r\nB|-----------------------------------------------------------------------------|\r\nG|-----------11----------------------------------------------------------------|\r\nD|--------------10--11--10---8-10-11-10--------5-5-5-5-5-5-5-5-5-5-5-5-5-5-5-5-|\r\nA|-----------------------------------------------------------------------------|\r\nE|-----------------------------------------------------------------------------|', 1);
INSERT INTO `songs_tbl` (`id`, `artistId`, `title`, `lyric`, `tab`, `visible`) VALUES
(60, 17, 'Slow Cheetah', 'Waking up dead inside of my head\r\nWhenever never do there is no med\r\nNo medicine to take\r\nIve had a chance to be insane\r\nAsylum from the falling rain\r\nIve had a chance to break\r\n\r\nIts so bad its got to be good\r\nMysterious girl misunderstood\r\nDressed like a wedding cake\r\nAny other day and I might play\r\nA funeral march for Bonnie Brae\r\nWhy try and run away\r\n\r\nChorus:\r\n\r\nSlow cheetah come before my forest\r\nLooks like its on today\r\nSlow cheetah come it\\''s so euphoric\r\nNo matter what they say\r\n\r\nI know a girl she worked in a store\r\nShe knew not what her life was for\r\nShe barely knew her name\r\nThey tried to tell her she would never be\r\nAs happy as a girl in a magazine\r\nShe bought it with her pay\r\n\r\nSlow cheetah come before my forest\r\nLooks like its on today\r\nSlow cheetah come it\\''s so euphoric\r\nNo matter what they say\r\n\r\nEveryone has so much to say\r\nThey talk talk talk their lives away\r\nDont even hesitate\r\nWalking on down to the burial ground\r\nIts a very old dance with a merry old sound\r\nLooks like its on today\r\n\r\nSlow cheetah come before my forest\r\nLooks like its on today\r\nSlow cheetah come it\\''s so euphoric\r\nNo matter what they say\r\n\r\nSlow cheetah come before my forest\r\nLooks like its on today\r\nSlow cheetah come it\\''s so euphoric\r\nNo matter what they say', '    Em7           C            Am\r\ne|---3------------0------------0--|\r\nB|---3------------1------------1--|\r\nG|---0------------0------------2--|\r\nD|---0------------2------------2--|\r\nA|---2------------3---------------|\r\nE|--------------------------------|\r\n\r\n\r\nRiff 1\r\n\r\nEM                 G                A2                C\r\nE|-----------------|-----------------|-----------------|------------0----|\r\nB|-----------------|-----------------|------------0----|-----------------|\r\nG|------------0----|------------0----|------2----------|------0----------|\r\nD|------2----------|------0----------|-----------------|-----------------|\r\nA|-----------------|-----------------|--0---0---0---0--|--3---3---3---3--|\r\nE|--0---0---0---0--|--3---3---3---3--|-----------------|-----------------|\r\n\r\nRiff 2\r\n\r\ne|------2-----0----|-----------------|-----------------|-----------------|\r\nB|-----------------|------3-----0----|-----------------|-----------------|\r\nG|-----------------|------0-------0--|------2-----0----|-----------------|\r\nD|------2-------2--|-----------------|------0-------0--|------2-----0----|\r\nA|-----------------|--0-------0------|--0-------0------|--0---0---0---0--|\r\nE|--0-------0------|-----------------|-----------------|-----------------|\r\n\r\n\r\nChorus\r\n\r\nC            Em7       A2\r\nC            Em7       A2\r\nSlow cheetah come before my forest,\r\nC            Em7       A2\r\nLooks like it\\''s on today\r\nC            Em7       A2\r\nSlow cheetah come, it\\''s so euphoric,\r\nC            Em7       A2\r\nNo matter what they say\r\n\r\n\r\n\r\nSOLO:\r\n\r\nStart: 3:38\r\ne|-----------------------------------------------------------------|\r\nB|-----3----------------------------3-5----------------------------|\r\nG|-2/4---4\\\\2--0h2-0------------2/4-------4\\\\2--0-2-2----------------|\r\nD|-----------------------------------------------------------------|\r\nA|-----------------------------------------------------------------|\r\nE|-----------------------------------------------------------------|\r\n\r\ne|-----------------------------------------------------------------|\r\nB|----------------------------------3-5----------------------------|\r\nG|------0-2--2h0-0h2-0-0-------2/4-------4/2--0-2-2----------------|\r\nD|-0h2-------------------------------------------------------------|\r\nA|-----------------------------------------------------------------|\r\nE|-----------------------------------------------------------------|\r\n\r\ne|-----------------------------------------------------------------|\r\nB|-----------------------------------------------------------------|\r\nG|-----0h2-0h2-4p2-0h2-0-0----------3-5----------------------------|\r\nD|-0h2-------------------------2/4-------4\\\\2--0-2-2----------------|\r\nA|-----------------------------------------------------------------|\r\nE|-----------------------------------------------------------------|\r\n\r\ne|-----------------------------------------------------------------|\r\nB|----------------------------------3-5----------------------------|\r\nG|------0-2--2h0-0h2-0-0-------2/4-------4/2--0-2-2----------------|\r\nD|-0h2-------------------------------------------------------------|\r\nA|-----------------------------------------------------------------|\r\nE|-----------------------------------------------------------------|\r\n\r\n\r\nTabbed by: Ryan Wheeler', 1),
(61, 7, 'Fluorescent Adolescent', 'You used to get it in your fishnets\r\nNow you only get it in your night dress\r\nDiscarded all the naughty nights for niceness\r\nLanded in a very common crisis\r\nEverything\\''s in order in a black hole\r\nNothing seems as pretty as the past though\r\nThat Bloody Mary\\''s lacking in Tabasco\r\nRemember when he used to be a rascal?\r\n\r\nOh that boy\\''s a slag\r\nThe best you ever had\r\nThe best you ever had\r\nIs just a memory and those dreams\r\nNot as daft as they seem\r\nNot as daft as they seem\r\nMy love when you dream them up\r\n\r\nFlicking through a little book of sex tips\r\nRemember when the boys were all electric?\r\nNow when she tells she\\''s gonna get it\r\nI\\''m guessing that she\\''d rather just forget i\r\nClinging to not getting sentimental\r\nSaid she wasn\\''t going but she went still\r\nLikes her gentlemen to not be gentle\r\nWas it a mecca dobber or a betting pencil?\r\n\r\nOh that boy\\''s a slag\r\nThe best you ever had\r\nThe best you ever had\r\nIs just a memory and those dreams\r\nWeren\\''t as daft as they seem\r\nNot as daft as they seem\r\nMy love when you dream them up\r\n\r\nOh, where did you go?\r\nWhere did you go?\r\nWhere did you go?\r\n\r\nFalling about\r\nYou took a left off Last Laugh Lane\r\nYou just sounded it out\r\nYou\\''re not coming back again\r\n\r\nFalling about\r\nYou took a left off Last Laugh Lane\r\nYou just sounded it out\r\nYou\\''re not coming back again\r\n\r\nYou used to get it in your fishnets\r\nNow you only get it in your night dress\r\nStarted all the naughty nights with niceness\r\nLanded in a very common crisis\r\nEverything\\''s in order in a black hole\r\nEverything was pretty in the past though\r\nThat Bloody Mary\\''s lacking in Tabasco\r\nRemember when he used to be a rascal?', 'Intro\r\n\r\ne-|-------------------------------------------------|\r\nB-|-------------------------------------------------|\r\nG-|-------------------------------------------------|\r\nD-|-------------------------------------------------|\r\nA-|-------------2-4---4-2-----------4-2---2-2-------|\r\nE-|---0---0-2-4-----------2---2---2-----------4-2---|\r\n\r\ne-|---------------------------------------------|\r\nB-|---------------------------------------------|\r\nG-|---------------------------------------------|\r\nD-|---------------------------------------------|\r\nA-|-------------2-4---4-2-----------4-2---2-2---|\r\nE-|---0---0-2-4-----------2---2---2-------------|\r\n\r\nGuitar 1 (w Intro)\r\ne-|---7----9----9-7---2---7---|\r\nB-|---9----9----9-7---2---7---|\r\nG-|---9----9----9-8---2---8---|\r\nD-|---9---11---11-9---4---9---|\r\nA-|---7---11---11-9---4---9---|\r\nE-|---------------------------|\r\n\r\ne-|---7-7-7-7---7-7-7----9--9--9----9-9-9-7---2-2-2-2---2-2-2---7-7-7-7---7-7-7---|\r\nB-|---9-9-9-9---9-9-9----9--9--9----9-9-9-7---2-2-2-2---2-2-2---7-7-7-7---7-7-7---|\r\nG-|---9-9-9-9---9-9-9----9--9--9----9-9-9-8---2-2-2-2---2-2-2---8-8-8-8---8-8-8---|\r\nD-|---9-9-9-9---9-9-9---11-11-11---111111-9---4-4-4-4---4-4-4---9-9-9-9---9-9-9---|\r\nA-|---7-7-7-7---7-7-7---11-11-11---111111-9---4-4-4-4---4-4-4---9-9-9-9---9-9-9---|\r\nE-|-------------------------------------------------------------------------------|\r\n\r\n\r\n5-string Bass (Verse Intro)\r\nG-|----------------------------------------------------------------------|\r\nD-|----------------------------------------------------------------------|\r\nA-|---------------2-4-4-4-4---4---2----------------2h4-2-2-2-2-----2-----|\r\nE-|-0-0-0-0-0-2-4--------------------2-2-2-2-2-2-2-------------2/4---4-2-|\r\nB-|-------------------------2---0----------------------------------------|\r\n\r\nRepeat Guitar 1 (w Intro)\r\n\r\n\r\nCHORUS\r\ne-|---2-2---7-7---2-2---2-2---7-7---7-7---|\r\nB-|---2-2---7-7---2-2---2-2---7-7---7-7---|\r\nG-|---2-2---8-8---2-2---2-2---8-8---8-8---|\r\nD-|---4-4---9-9---4-4---4-4---9-9---9-9---|\r\nA-|---4-4---9-9---4-4---4-4---9-9---9-9---|\r\nE-|---2-2---7-7---2-2---2-2---7-7---7-7---|\r\n\r\ne-|---2-2-2-2-2-2-2-2---7-7-7-7-7-7-7-7---2~---5~---|\r\nB-|---2-2-2-2-2-2-2-2---7-7-7-7-7-7-7-7---2~---5~---|\r\nG-|---2-2-2-2-2-2-2-2---8-8-8-8-8-8-8-8---2~---7~---|\r\nD-|---4-4-4-4-4-4-4-4---9-9-9-9-9-9-9-9---4~---7~---|\r\nA-|---4-4-4-4-4-4-4-4---9-9-9-9-9-9-9-9---4~---7~---|\r\nE-|---2-2-2-2-2-2-2-2---7-7-7-7-7-7-7-7---2~---5~---|\r\n\r\nFill A (w Verse 2)\r\ne-|----------12---9---7--12--9----------------14-16-|\r\nB-|-------12------9---7--12--10---12/14----16-------|\r\nG-|----13---------9---8--13--11---------16----------|\r\nD-|-14----------------------------------------------|\r\nA-|-------------------------------------------------|\r\nE-|-------------------------------------------------|', 1),
(64, 19, 'I Miss You Now', 'I feel I wanna hold you, wanna tell you that you\\''ll be alright\r\nSang this song today, it\\''s recalling your pictures all in my mind\r\nI miss you now\r\nI miss you now\r\nAlthough we\\''re getting old now my old friends gonna leave me and die\r\nI\\''m helpless, it\\''s gonna get us before we get this, I wanna kiss you goodbye\r\nI miss you now\r\nI miss you now\r\nI miss you now\r\n\r\nI feel I wanna hold you, wanna tell you that you\\''ll be alright\r\nI\\''m helpless, it\\''s gonna get us before we get this, I wanna kiss you goodbye\r\nI miss you now\r\nI miss you now\r\nI miss you now', '\r\nAm7: x02010\r\nAm7(2): x02013\r\nAm6: x02012\r\nD7sus2: xx0210\r\nD5: xx023x\r\nD7sus: xx0213\r\n\r\nINTRO\r\n__Am7_________Am7(2)_Am6____D7________D7sus2_D5_\r\nE ---------------------------------------------|\r\nB ---------------1---3-b-4--3---------3b4r3--1-|\r\nG ----------0h2--------------------------------|\r\nD ---------------------------------------------|\r\nA ---------------------------------------------|\r\nE ---------------------------------------------|\r\n\r\n__Am7_________Am7(2)_Am6____D7__________D7sus_D7_\r\ne ---------------------------------------------|\r\nB ---------------1---3-b-4--3------------3b4r3-|\r\nG -0h2------0h2--------------------------------|\r\nD ---------------------------------------------|\r\nA ---------------------------------------------|\r\nE ---------------------------------------------|\r\n\r\nVERSE: Am7 Am7(2) Am6 D7 D7sus2 D5 Am7 Am7(2) Am6 D7 D7sus2 D7\r\n(x2)\r\n\r\nCHORUS\r\n\r\ne --------------------3--2--1----|\r\nB -----------1h3-3/5--5--4--3----|\r\nG -------0h2---------------------|\r\nD -------------------------------|\r\nA -------------------------------|\r\nE -------------------------------|\r\n\r\ne --------3------0----|--------3------0----|\r\nB --4-h-5----4--------|--4-h-5----4--------|\r\nG --5--------5--------|--5--------5--------|\r\nD --5--------4--------|--5--------4--------|\r\nA --0--------5--------|--0--------5--------|\r\nE --------------------|--------------------|\r\n\r\n\r\n\r\nRANDOM FILLS\r\ne ------------------|-------------------|\r\nB ------------------|-------------------|\r\nG ------------------|-------------------|\r\nD --5---------------|-------------------|\r\nA ----7-5-3-5-3-----|-------------------|\r\nE ---------------5--|-------------------|\r\n\r\nTabbed by Rex Monday\r\n', 1);

-- --------------------------------------------------------

--
-- Table structure for table `tbl_countries`
--

CREATE TABLE `tbl_countries` (
  `c_id` int(11) NOT NULL,
  `country` varchar(99) COLLATE latin1_general_ci NOT NULL,
  `language` varchar(99) COLLATE latin1_general_ci NOT NULL,
  `capital` varchar(99) COLLATE latin1_general_ci NOT NULL,
  `currency` varchar(99) COLLATE latin1_general_ci NOT NULL,
  `area` varchar(33) COLLATE latin1_general_ci NOT NULL,
  `population` varchar(33) COLLATE latin1_general_ci NOT NULL,
  `image` varchar(33) COLLATE latin1_general_ci NOT NULL
) ENGINE=MyISAM AUTO_INCREMENT=133 DEFAULT CHARSET=latin1 COLLATE=latin1_general_ci;

--
-- Dumping data for table `tbl_countries`
--

INSERT INTO `tbl_countries` (`c_id`, `country`, `language`, `capital`, `currency`, `area`, `population`, `image`) VALUES
(1, 'Afghanistan', 'Dari Persian/Pashtu', 'Kabul', 'Afghani', '250,000', '31,056,997', 'afghKab'),
(2, 'Argentina', 'Spanish', 'Buenos Aires', 'Peso', '1,068,296', '39,921,832', 'argeBue'),
(3, 'Australia', 'English', 'Canberra', 'Dollar', '2,967,893', '20,264,086', 'austCan'),
(4, 'Brazil', 'Portuguese', 'Brasilia', 'Real', '3,286,470', '188,078,227', 'brazBra'),
(5, 'Bulgaria', 'Bulgarian', 'Sofia', 'Lev', '42,822', '7,385,367', 'bulgSof'),
(6, 'Chile', 'Spanish', 'Santiago', 'Peso', '292,258', '16,134,219', 'chilSan'),
(7, 'China', 'Mandarin', 'Beijing', 'Renminbi', '3,705,386', '1,313,973,713', 'chinBei'),
(8, 'Denmark', 'Danish', 'Copenhagen', 'Krone', '16,639', '5,450,661', 'denmCop'),
(9, 'Ethiopia', 'Amharic', 'Addis Ababa', 'Birr', '435,184', '74,777,987', 'ethiAdd'),
(10, 'Fiji', 'English', 'Suva', 'Dollar', '7,054', '905,949', 'fijiSuv'),
(11, 'Finland', 'Finnish/Swedish', 'Helsinki', 'Euro', '130,558', '5,231,372', 'finlHel'),
(12, 'France', 'French', 'Paris', 'Euro', '211,208', '60,876,136', 'franPar'),
(13, 'Germany', 'German', 'Berlin', 'Euro', '137,846', '82,422,299', 'germBer'),
(14, 'Greece', 'Greek', 'Athens', 'Euro', '50,942', '10,688,058', 'greeAth'),
(15, 'Greenland', 'Greenlandic', 'Nuuk', 'Krone', '822,700', '56,361', 'greeNuu'),
(16, 'Hungary', 'Hungarian', 'Budapest', 'Forint', '35,919', '9,981,334', 'hungBud'),
(17, 'Iceland', 'Icelandic', 'Reykjavik', 'Krona', '39,768', '299,388', 'icelRey'),
(18, 'Iran', 'Persian', 'Tehran', 'Rial', '636,293', '68,688,433', 'iranTeh'),
(19, 'Italy', 'Italian', 'Rome', 'Euro', '116,305', '58,133,509', 'italRom'),
(20, 'Jamaica', 'English', 'Kingston', 'Dollar', '4,244', '2,758,124', 'jamaKin'),
(21, 'Japan', 'Japanese', 'Tokyo', 'Yen', '145,882', '127,463,611', 'japaTok'),
(22, 'Kazakhstan', 'Kazak/Russian', 'Astana', 'Tenge', '1,049,150', '15,233,244', 'kazaAst'),
(23, 'Libya', 'Arabic', 'Tripoli', 'Dinar', '679,358', '5,900,754', 'libyTri'),
(24, 'Malaysia', 'Bahasa Melayu', 'Kuala Lumpur', 'Ringgit', '127,316', '24,385,858', 'malaKua'),
(25, 'Mexico', 'Spanish', 'Mexico City', 'Peso', '761,602', '107,449,525', 'mexiMex'),
(26, 'New Zealand', 'English/Maori', 'Wellington', 'Dollar', '103,737', '4,076,140', 'newzWel'),
(27, 'Norway', 'Bokmal/Nynorsk', 'Oslo', 'Krone', '125,181', '4,610,820', 'norwOsl'),
(28, 'Pakistan', 'Urdu/English', 'Islamabad', 'Rupee', '310,401', '165,803,560', 'pakiIsl'),
(29, 'Poland', 'Polish', 'Warsaw', 'Zloty', '120,728', '38,536,869', 'polaWar'),
(30, 'Samoa', 'Samoan/English', 'Apia', 'Tala', '1,137', '176,908', 'samoApi'),
(31, 'Spain', 'Spanish', 'Madrid', 'Euro', '194,896', '40,397,842', 'spaiMad'),
(32, 'Syria', 'Arabic', 'Damascus', 'Pound', '71,498', '18,881,361', 'syriDam'),
(33, 'Thailand', 'Thai', 'Bangkok', 'Baht', '198,455', '64,631,595', 'thaiBan'),
(34, 'United Kingdom', 'English', 'London', 'Pound', '94,525', '60,609,153', 'unitLon'),
(35, 'Vietnam', 'Vietnamese', 'Hanoi', 'Dong', '127,243', '84,402,966', 'vietHan'),
(36, 'Zimbabwe', 'English', 'Harare', 'Dollar', '150,803', '12,236,805', 'zimbHar'),
(37, 'Albania', 'Albanian', 'Tirana', 'Lek', '11,100', '3,087,159', 'albaTir'),
(38, 'Algeria', 'Arabic', 'Algiers', 'Dinar', '919,595', '33,033,548', 'algeAlg'),
(39, 'Austria', 'German', 'Vienna', 'Euro', '32,378', '8,188,806', 'austVie'),
(40, 'Azerbaijan', 'Azerbaijani', 'Baku', 'Manat', '33,436', '8,388,481', 'azerBak'),
(41, 'Bahrain', 'Arabic', 'Manama', 'Dinar', '253', '723,038', 'bahrMan'),
(42, 'Bangladesh', 'Bengali', 'Dhaka', 'Taka', '55,622', '136,138,461', 'bangDha'),
(43, 'Belarus', 'Belarusian/Russian', 'Minsk', 'Rouble', '80,155', '9,714,257', 'belaMin'),
(44, 'Belgium', 'Dutch/French/German', 'Brussels', 'Euro', '11,787', '10,481,831', 'belgBru'),
(45, 'Bolivia', 'Spanish/Aymara/Quechua', 'La Paz', 'Boliviano', '424,163', '9,281,712', 'boliLap'),
(46, 'Botswana', 'English', 'Gaborone', 'Pula', '224,606', '1,856,800', 'botsGab'),
(47, 'Cambodia', 'Khmer', 'Phnom Penh', 'Riel', '69,898', '15,017,110', 'cambPhn'),
(48, 'Cameroon', 'French/English', 'Yaounde', 'Franc', '183,568', '17,378,386', 'cameYao'),
(49, 'Canada', 'English/French', 'Ottawa', 'Dollar', '3,854,085', '32,251,238', 'canaOtt'),
(50, 'Central African Republic', 'Sango/French', 'Bangui', 'Franc', '240,534', '3,268,182', 'centBan'),
(51, 'Chad', 'French/Arabic', 'N''Djamena', 'Franc', '495,753', '8,720,110', 'chadNdj'),
(52, 'Colombia', 'Spanish', 'Bogota', 'Peso', '440,839', '46,620,056', 'coloBog'),
(53, 'Costa Rica', 'Spanish', 'San Jose', 'Colon', '19,725', '4,402,251', 'costSan'),
(54, 'Croatia', 'Croatian', 'Zagreb', 'Kuna', '21,831', '4,464,117', 'croaZag'),
(55, 'Cuba', 'Spanish', 'Havana', 'Peso', '42,803', '11,326,354', 'cubaHav'),
(56, 'Czech Republic', 'Czech', 'Prague', 'Koruna', '30,450', '10,211,609', 'czecPra'),
(57, 'Djibouti', 'Arabic/French', 'Djibouti', 'Franc', '8,958', '779,684', 'djibDji'),
(58, 'Ecuador', 'Spanish', 'Quito', 'Dollar', '98,985', '12,090,804', 'ecuaQui'),
(59, 'Egypt', 'Arabic', 'Cairo', 'Pound', '386,660', '71,236,631', 'egypCai'),
(60, 'Estonia', 'Estonian', 'Tallinn', 'Kroon', '17,413', '1,339,157', 'estoTal'),
(61, 'Gabon', 'French', 'Libreville', 'Franc', '103,347', '1,450,453', 'gaboLib'),
(62, 'Georgia', 'Georgian', 'Tbilisi', 'Lari', '26,912', '4,435,046', 'georTbi'),
(63, 'Ghana', 'English', 'Accra', 'Cedi', '92,098', '21,355,649', 'ghanAcc'),
(64, 'Guatemala', 'Spanish', 'Guatemala City', 'Quetzal', '42,042', '12,714,458', 'guatGua'),
(65, 'Guyana', 'English', 'Georgetown', 'Dollar', '83,000', '881,932', 'guyaGeo'),
(66, 'Haiti', 'French/Creole', 'Port-au-Prince', 'Gourde', '10,714', '8,301,478', 'haitPor'),
(67, 'Honduras', 'Spanish', 'Tegucigalpa', 'Lempira', '43,278', '6,697,351', 'hondTeg'),
(68, 'India', 'Hindi/English(+21others)', 'New Delhi', 'Rupee', '1,222,559', '1,112,225,812', 'indiNew'),
(69, 'Indonesia', 'Indonesian', 'Jakarta', 'Rupiah', '735,355', '221,900,701', 'indoJak'),
(70, 'Iraq', 'Arabic/Kurdish', 'Baghdad', 'Dinar', '169,234', '26,628,187', 'iraqBag'),
(71, 'Ireland', 'English/Gaelic', 'Dublin', 'Euro', '32,591', '4,065,631', 'irelDub'),
(75, 'Kenya', 'Swahili/English', 'Nairobi', 'Shilling', '224,080', '34,222,866', 'kenyNai'),
(74, 'Jordan', 'Arabic', 'Amman', 'Dinar', '34,495', '5,282,558', 'jordAmm'),
(72, 'North Korea', 'Korean', 'Pyongyang', 'Won', '46,528', '23,312,595', 'nortPyo'),
(73, 'South Korea', 'Korean', 'Seoul', 'Won', '38,492', '50,633,265', 'soutSeo'),
(76, 'Kuwait', 'Arabic', 'Kuwait City', 'Dinar', '6,880', '2,630,775', 'kuwaKuw'),
(77, 'Kyrgyzstan', 'Kyrgyz/Russian', 'Bishkek', 'Som', '77,181', '5,377,484', 'kyrgBis'),
(78, 'Lebanon', 'Arabic', 'Beirut', 'Lira', '4,035', '4,509,678', 'lebaBei'),
(79, 'Laos', 'Lao', 'Vientiane', 'Kip', '91,429', '5,719,497', 'laosVie'),
(80, 'Madagascar', 'Malagasy/French', 'Antananarivo', 'Ariary', '226,597', '18,475,940', 'madaAnt'),
(81, 'Mongolia', 'Mongolian', 'Ulaanbaatar', 'Tugrug', '603,909', '2,568,204', 'mongUla'),
(82, 'Morocco', 'Arabic', 'Rabat', 'Dirham', '172,414', '30,182,038', 'moroRab'),
(83, 'Mozambique', 'Portuguese', 'Maputo', 'Metical', '309,496', '19,881,392', 'mozaMap'),
(84, 'Namibia', 'English', 'Windhoek', 'Dollar', '318,259', '2,038,791', 'namiWin'),
(85, 'Nepal', 'Nepali', 'Kathmandu', 'Rupee', '56,827', '25,408,817', 'nepaKat'),
(86, 'Nicaragua', 'Spanish', 'Managua', 'Cordoba', '50,193', '5,591,948', 'nicaMan'),
(87, 'Niger', 'French', 'Niamey', 'Franc', '489,189', '12,226,270', 'nigeNia'),
(88, 'Nigeria', 'English', 'Abuja', 'Naira', '356,667', '159,404,137', 'nigeAbu'),
(89, 'Oman', 'Arabic', 'Muscat', 'Rial', '119,498', '2,424,422', 'omanMus'),
(90, 'Panama', 'Spanish', 'Panama City', 'Balboa/Dollar', '29,157', '3,123,055', 'panaPan'),
(91, 'Papua New Guinea', 'English/Tok Pisin/Hiri Motu', 'Port Moresby', 'Kina', '178,703', '6,002,079', 'papuPor'),
(92, 'Paraguay', 'Spanish/Guarani', 'Asuncion', 'Guarani', '157,047', '5,630,385', 'paraAsu'),
(93, 'Peru', 'Spanish/Quechua/Aymara', 'Lima', 'Sol', '496,222', '28,476,344', 'peruLim'),
(94, 'Philippines', 'Filipino/English', 'Manila', 'Peso', '115,831', '85,712,221', 'philMan'),
(95, 'Portugal', 'Portuguese', 'Lisbon', 'Euro', '35,672', '10,501,051', 'portLis'),
(96, 'Qatar', 'Arabic', 'Doha', 'Riyal', '4,416', '795,585', 'qataDoh'),
(97, 'Romania', 'Romanian', 'Bucharest', 'Leu', '92,043', '21,266,679', 'romaBuc'),
(98, 'Russia', 'Russian', 'Moscow', 'Ruble', '6,592,800', '143,682,757', 'russMos'),
(99, 'Rwanda', 'French/English/Kinyarwanda', 'Kigali', 'Franc', '10,169', '8,807,212', 'rwanKig'),
(100, 'Saudi Arabia', 'Arabic', 'Riyadh', 'Riyal', '829,996', '23,595,634', 'saudRiy'),
(101, 'Senegal', 'French', 'Dakar', 'Franc', '75,955', '10,482,622', 'seneDak'),
(102, 'Sierra Leone', 'English', 'Freetown', 'Leone', '27,699', '5,093,570', 'sierFre'),
(103, 'Slovakia', 'Slovak', 'Bratislava', 'Koruna', '18,933', '5,379,455', 'slovBra'),
(104, 'Slovenia', 'Slovenian/Italian/Hungarian', 'Ljubljana', 'Tolar', '7,827', '1,959,872', 'slovLju'),
(105, 'Solomon Islands', 'English', 'Honiara', 'Dollar', '11,157', '481,352', 'soloHon'),
(106, 'Somalia', 'Somali/Arabic', 'Mogadishu', 'Shilling', '246,201', '12,206,142', 'somaMog'),
(107, 'South Africa', 'Afrikaans/English(+9others)', 'Pretoria', 'Rand', '471,443', '48,861,805', 'soutPre'),
(108, 'Sri Lanka', 'Sinhala/Tamil', 'Colombo', 'Rupee', '25,332', '19,630,230', 'srilCol'),
(109, 'Sudan', 'Arabic/English', 'Khartoum', 'Dinar', '967,495', '35,847,407', 'sudaKha'),
(110, 'Suriname', 'Dutch', 'Paramaribo', 'Dollar', '63,251', '501,582', 'suriPar'),
(111, 'Swaziland', 'English/SiSwati', 'Mbabane', 'Lilangeni', '6,704', '1,147,741', 'swazMba'),
(112, 'Sweden', 'Swedish', 'Stockholm', 'Krona', '173,732', '9,076,757', 'swedSto'),
(113, 'Switzerland', 'German/French/Italian/Romansh', 'Bern', 'Franc', '15,940', '7,488,533', 'switBer'),
(114, 'Tajikistan', 'Persian/Tajik', 'Dushanbe', 'Somoni', '55,251', '6,620,008', 'tajiDus'),
(115, 'Tanzania', 'Swahili', 'Dar es Salaam', 'Shilling', '364,898', '37,979,417', 'tanzDar'),
(116, 'Togo', 'French', 'Lome', 'Franc', '21,925', '5,399,236', 'togoLom'),
(117, 'Trinidad and Tobago', 'English', 'Port-of-Spain', 'Dollar', '1,979', '1,320,383', 'trinPor'),
(118, 'Tunisia', 'Arabic', 'Tunis', 'Dinar', '63,170', '10,228,604', 'tuniTun'),
(119, 'Turkey', 'Turkish', 'Ankara', 'Lira', '302,534', '74,709,412', 'turkAnk'),
(120, 'Turkmenistan', 'Turkmen', 'Ashgabat', 'Manat', '188,456', '6,723,715', 'turkAsh'),
(121, 'Uganda', 'English/Swahili', 'Kampala', 'Shilling', '91,136', '27,771,997', 'uganKam'),
(122, 'Ukraine', 'Ukranian', 'Kiev', 'Hryvnia', '233,090', '46,231,759', 'ukraKie'),
(123, 'United Arab Emirates', 'Arabic', 'Abu Dhabi', 'Dirham', '32,278', '3,870,936', 'unitAbu'),
(124, 'United States', 'English', 'Washington D.C', 'Dollar', '3,718,695', '299,093,237', 'unitWas'),
(125, 'Uruguay', 'Spanish', 'Montevideo', 'Peso', '68,038', '3,261,570', 'urugMon'),
(126, 'Uzbekistan', 'Uzbek/Persian', 'Tashkent', 'Som', '172,742', '26,311,197', 'uzbeTas'),
(127, 'Vanuatu', 'Bislama/English/French', 'Port Vila', 'Vatu', '4,706', '217,955', 'vanuPor'),
(128, 'Venezuela', 'Spanish', 'Caracas', 'Bolivar', '353,841', '25,307,565', 'veneCar'),
(129, 'Yemen', 'Arabic', 'Sanaa', 'Rial', '203,849', '20,764,630', 'yemeSan'),
(130, 'Zambia', 'English', 'Lusaka', 'Kwacha', '290,586,', '11,249,789', 'zambLus'),
(131, 'Netherlands', 'Dutch', 'Amsterdam', 'Euro', '16,033', '16,386,216', 'nethAms');

-- --------------------------------------------------------

--
-- Table structure for table `tbl_facilities`
--

CREATE TABLE `tbl_facilities` (
  `host_id` int(7) NOT NULL,
  `laundry` varchar(3) COLLATE latin1_general_ci NOT NULL,
  `kitchen` varchar(3) COLLATE latin1_general_ci NOT NULL,
  `internet` varchar(3) COLLATE latin1_general_ci NOT NULL,
  `games` varchar(3) COLLATE latin1_general_ci NOT NULL,
  `restaurant` varchar(3) COLLATE latin1_general_ci NOT NULL,
  `bar` varchar(3) COLLATE latin1_general_ci NOT NULL,
  `spaPool` varchar(3) COLLATE latin1_general_ci NOT NULL,
  `swimPool` varchar(3) COLLATE latin1_general_ci NOT NULL,
  `skyTV` varchar(3) COLLATE latin1_general_ci NOT NULL
) ENGINE=MyISAM DEFAULT CHARSET=latin1 COLLATE=latin1_general_ci;

--
-- Dumping data for table `tbl_facilities`
--

INSERT INTO `tbl_facilities` (`host_id`, `laundry`, `kitchen`, `internet`, `games`, `restaurant`, `bar`, `spaPool`, `swimPool`, `skyTV`) VALUES
(57, '', '', '', '', '', '', '', '', ''),
(55, '', '', '', '', '', '', '', '', ''),
(61, 'on', 'on', 'on', '', '', '', '', '', 'on'),
(56, '', '', 'on', '', '', '', 'on', '', ''),
(52, '', 'on', '', '', '', '', '', '', ''),
(58, '', 'on', '', 'on', '', 'on', '', 'on', ''),
(59, 'on', 'on', '', '', '', '', 'on', '', 'on');

-- --------------------------------------------------------

--
-- Table structure for table `tbl_hits`
--

CREATE TABLE `tbl_hits` (
  `id` int(11) NOT NULL,
  `host_id` int(11) NOT NULL,
  `time_date` datetime NOT NULL,
  `browser` varchar(99) NOT NULL,
  `version` varchar(99) NOT NULL
) ENGINE=MyISAM AUTO_INCREMENT=72 DEFAULT CHARSET=latin1;

--
-- Dumping data for table `tbl_hits`
--

INSERT INTO `tbl_hits` (`id`, `host_id`, `time_date`, `browser`, `version`) VALUES
(15, 58, '2007-09-24 22:41:08', '', ''),
(14, 52, '2007-09-24 22:41:05', '', ''),
(13, 57, '2007-09-24 22:40:55', '', ''),
(12, 59, '2007-09-24 22:40:41', '', ''),
(11, 61, '2007-09-24 22:40:16', '', ''),
(16, 55, '2007-09-24 22:41:10', '', ''),
(17, 52, '2007-10-08 01:05:55', '', ''),
(18, 61, '2007-10-08 01:06:05', '', ''),
(19, 58, '2007-10-08 01:06:13', '', ''),
(20, 52, '2007-10-10 10:33:10', 'Microsoft Internet Explorer', '4'),
(21, 61, '2007-10-23 17:57:17', '', ''),
(22, 58, '2007-10-23 17:57:25', '', ''),
(23, 57, '2007-10-23 17:58:31', '', ''),
(24, 59, '2007-10-23 17:58:33', '', ''),
(25, 55, '2007-10-23 17:58:34', '', ''),
(26, 52, '2007-10-23 17:58:37', '', ''),
(27, 58, '2007-11-19 00:45:02', '', ''),
(28, 59, '2007-11-19 10:44:39', '', ''),
(29, 59, '2008-02-09 21:01:03', '', ''),
(30, 57, '2008-02-09 21:02:00', '', ''),
(31, 52, '2008-02-09 21:02:31', '', ''),
(32, 55, '2008-02-09 21:03:27', '', ''),
(33, 58, '2008-02-09 21:04:23', '', ''),
(34, 61, '2008-02-09 21:05:20', '', ''),
(35, 0, '2008-02-09 21:39:48', '', ''),
(36, 55, '2008-02-20 01:10:22', '', ''),
(37, 52, '2008-02-20 01:16:03', '', ''),
(38, 61, '2008-02-20 01:26:18', '', ''),
(39, 58, '2008-02-20 01:28:35', '', ''),
(40, 59, '2008-02-20 01:33:08', '', ''),
(41, 57, '2008-02-20 01:51:35', '', ''),
(42, 59, '2008-03-12 13:48:05', '', ''),
(43, 57, '2008-03-16 21:59:05', '', ''),
(44, 58, '2008-03-17 03:22:09', '', ''),
(45, 55, '2008-03-18 08:38:03', '', ''),
(46, 52, '2008-03-18 09:33:06', '', ''),
(47, 0, '2008-03-21 13:28:28', '', ''),
(48, 59, '2008-03-21 13:28:28', '', ''),
(49, 55, '2008-03-21 13:28:28', '', ''),
(50, 58, '2008-03-23 03:48:48', '', ''),
(51, 59, '2008-03-23 03:52:10', '', ''),
(52, 57, '2008-03-23 03:52:15', '', ''),
(53, 55, '2008-03-23 03:52:41', '', ''),
(54, 52, '2008-03-23 03:52:44', '', ''),
(55, 61, '2008-04-04 09:47:22', '', ''),
(56, 61, '2008-04-12 15:20:58', 'Microsoft Internet Explorer', '4'),
(57, 55, '2008-04-12 15:27:12', '', ''),
(58, 59, '2008-04-13 10:28:37', '', ''),
(59, 58, '2008-04-14 21:25:40', '', ''),
(60, 58, '2008-04-14 21:26:36', '', ''),
(61, 58, '2008-05-01 21:37:27', '', ''),
(62, 55, '2008-05-02 04:45:33', '', ''),
(63, 59, '2008-05-10 04:19:56', '', ''),
(64, 59, '2008-05-10 04:20:02', '', ''),
(65, 55, '2008-05-10 04:20:20', '', ''),
(66, 61, '2008-05-10 04:21:11', '', ''),
(67, 59, '2008-05-10 04:21:55', '', ''),
(68, 57, '2008-05-19 04:55:57', '', ''),
(69, 58, '2008-05-19 09:33:57', '', ''),
(70, 58, '2008-05-23 10:11:03', '', ''),
(71, 55, '2008-05-23 12:37:02', '', '');

-- --------------------------------------------------------

--
-- Table structure for table `tbl_host_contact`
--

CREATE TABLE `tbl_host_contact` (
  `host_id` int(7) NOT NULL,
  `contact_name` varchar(33) COLLATE latin1_general_ci NOT NULL,
  `email` varchar(99) COLLATE latin1_general_ci NOT NULL,
  `website` varchar(99) COLLATE latin1_general_ci DEFAULT NULL,
  `address1` varchar(33) COLLATE latin1_general_ci NOT NULL,
  `address2` varchar(99) COLLATE latin1_general_ci NOT NULL,
  `address3` varchar(33) COLLATE latin1_general_ci DEFAULT NULL,
  `address4` smallint(4) DEFAULT NULL,
  `phone1` varchar(33) COLLATE latin1_general_ci DEFAULT NULL,
  `phone2` varchar(33) COLLATE latin1_general_ci DEFAULT NULL,
  `phone3` varchar(33) COLLATE latin1_general_ci DEFAULT NULL,
  `fax` varchar(33) COLLATE latin1_general_ci DEFAULT NULL
) ENGINE=MyISAM AUTO_INCREMENT=63 DEFAULT CHARSET=latin1 COLLATE=latin1_general_ci;

--
-- Dumping data for table `tbl_host_contact`
--

INSERT INTO `tbl_host_contact` (`host_id`, `contact_name`, `email`, `website`, `address1`, `address2`, `address3`, `address4`, `phone1`, `phone2`, `phone3`, `fax`) VALUES
(58, 'Coby/Rob', 'roadrunners@clear.net.nz', 'roadrunners.net.nz', '42', 'Steadman Road', 'Russley', 8004, '03 342 1110', '', '', '03 342 1111'),
(59, 'Kate', 'theferns@xtra.co.nz', 'theferns.co.nz', '81', 'Park Rd', 'Titirangi', 604, '09 817 1956', '', '', '09 817 3072'),
(61, 'Graham Browne', 'lyngray@xtra.co.nz', 'avenue-motel.co.nz', '117', 'Centennial Ave', 'Alexandra', 0, '03 4486919', '', '0800758899', '03 4486918'),
(56, 'Brian/Jay', 'briankh@xtra.co.nz', '', '1', 'Princes St', 'Princes St', 627, '09 480 7659', '', '', '09 480 7657'),
(57, 'John/Margaret', 'info@hbscenictours.co.nz', 'nesthaven.co.nz', '2', 'Neeve Pl', 'Taradale', 4001, '06 844 5693', '', '', ''),
(52, 'Heather or Robb Campbell', 'valleyfarm@xtra.co.nz', 'farmstaynz.co.nz', '164', 'Pukemiro Road', 'Broadwood', 496, '09 409 5809', '', '', ''),
(55, 'Jon/Junko', 'littleearthlodge@gmail.com', 'littleearthlodge.co.nz', '85', 'Abbey Caves Rd', 'Abbey Caves Rd', 175, '094306562', '', '', '');

-- --------------------------------------------------------

--
-- Table structure for table `tbl_host_info`
--

CREATE TABLE `tbl_host_info` (
  `host_id` int(7) NOT NULL,
  `password` char(32) COLLATE latin1_general_ci DEFAULT NULL,
  `region` tinyint(2) NOT NULL,
  `town` varchar(33) COLLATE latin1_general_ci NOT NULL,
  `host_name` varchar(99) COLLATE latin1_general_ci NOT NULL,
  `description` text COLLATE latin1_general_ci NOT NULL,
  `storage` char(2) COLLATE latin1_general_ci NOT NULL,
  `road` varchar(99) COLLATE latin1_general_ci DEFAULT NULL,
  `pic1` varchar(99) COLLATE latin1_general_ci DEFAULT NULL,
  `pic2` varchar(99) COLLATE latin1_general_ci DEFAULT NULL,
  `pic3` varchar(99) COLLATE latin1_general_ci DEFAULT NULL,
  `pic4` varchar(99) COLLATE latin1_general_ci DEFAULT NULL
) ENGINE=MyISAM DEFAULT CHARSET=latin1 COLLATE=latin1_general_ci;

--
-- Dumping data for table `tbl_host_info`
--

INSERT INTO `tbl_host_info` (`host_id`, `password`, `region`, `town`, `host_name`, `description`, `storage`, `road`, `pic1`, `pic2`, `pic3`, `pic4`) VALUES
(57, '32b4e193e0f174305a046599c85958df', 4, 'Napier', 'Nest Haven B & B', 'Located midway between the Art Deco Cities of Hastings and Napier and walking distance of the best wineries and shops, we offer our visitors a genuine New Zealand hospitality experience. Rooms are warm and modern, just NZ$70.00 single and NZ$90.00 Double. Huge discount with Hawke\\''s Bay Scenic Tours.', 'mb', '0', 'main.jpg', 'nest.jpg', '', ''),
(58, '860381c7389596a550195a46e2a49f81', 10, 'Christchurch', 'Roadrunners Guesthouse', 'Hello all,\r\n \r\nFrom the 21st of July ROADRUNNERS GUESTHOUSE has closed the doors as a Bed & Breakfast.\r\nWe want to thank you for ;\r\n                                    your stay with us in the past\r\n                                    \r\n                                     your kind words & comments\r\n \r\n                                   wanting to share chats with us \r\n                                   \r\n                                    giving us confidence & support.\r\n \r\nWe\\''ll never forget!!!\r\n \r\nHope to meet you somehow,somewhere,sometime in the future.\r\n \r\nKind Regards & warm memories\r\n \r\nRob & Coby Staleman', 'mb', '0', 'whangaruru4.jpg', 'Japan_11.jpg', 'lounge.jpg', 'Fish Bango.jpg'),
(59, 'cbd2cfc9f19c94cd58409d9519887e30', 1, 'Waitakere', 'Chalet In The Ferns', 'Two bed roomed guest cottage in the exotic rainforest garden of The Ferns.\r\nLoft bedroom with super king size bed, and downstairs is a small guest bedroom with\r\na double bed for an extra guest.\r\nThere is a cozy lounge, a well equipped kitchenette, and a bathroom with underfloor heating and a spa bath under a bifold window opening out to a lush subtropical garden.\r\nGroceries are available from Titirangi Village close by. Garden shed for bicycle storage.', 'mb', '0', 'chalet-patio-sml.jpg', 'chalet_flowers_06_sml.jpg', 'mainchaletimage.jpg', 'new-chalet-bath-pic_small.jpg'),
(56, 'f2036b31ff94bb54df52c0c600eb22ff', 1, 'North Shore', 'Auckland Number One House', 'A beautiful old Heritage rated villa with it''s own beach, yet only 8 minutes from Auckland City centre by harbour ferry or car. It is truly harbourside, with wonderful views of Harbour and Auckland City by day and night. See an enchanting Hobbit House in the garden, and we are breeding Monarch butterflies in summer.\r\nEach room fitted with pure cotton sheets and fluffy bathrobes.', 'mb', '0', 'deck1.jpg', 'dawnSky2.jpg', 'cons.jpg', 'hobbit.jpg'),
(61, 'de47e1d6d3cf28ed7acfbfb1e0336d3c', 13, 'Alexandra', '117 Avenue Motel Alexandra', 'Luxury brand new units in the heart of Central Otago. Ideal place to stay and make day trips to Queestown, Ranfurly, Wanaka or even the Maniototo.', 'mb', '', '', '', '', ''),
(52, '362ec30dad9f5ec41c83d295afcf6280', 6, 'Hokianga', 'Waitawa Farm Farmstay', 'Farmstay accommodation on an 1100 acre cattle and sheep farm. Pet sheep, ponies, pigs and hostel cats. You can cater for yourselves or let us do the cooking for you, the choice is yours.\r\nIdeally situated half way between Waipoua Forest and Cape Reinga on the Twin Coast Discovery Highway in the North Island of New Zealand. Four hours north of Auckland.\r\nWaitawa Farm Farmstay and Hostel is situated in Hokianga, Northland, close to the top of the North Island, New Zealand, nestled close to the forest, a number of beautiful forest and beach walks are only a short drive away from the farm. Our farm runs from forested hills down to rich picturesque river flats. Close to the Twin Coast Discovery Highway, midway between Cape Reinga and Waipoua Forest.Farm walks available. Stay with a genuine new zealand farming couple who really enjoy making guests feel at home.. ', 'mb', '0', 'backdeck.jpg', 'robbandashanti.jpg', 'abovetheflats2.jpg', 'timmyandfred.jpg'),
(55, 'd06e523621568ca5fa257b38fc3d0c56', 6, 'Whangarei', 'Little Earth Lodge', 'Newly built backpackers in the beautiful countryside just 6 km from the Whangarei town centre, 2hrs from Auckland and 30 minutes from the Tutukaka coast (Poor Knights). Quaint luxurious hostel in peaceful valley setting sleeps 12 guests from $22 per person and features queen-size beds for a great nights sleep. Awake to the sound of birdsong from our own native forest then see the amazing glow-worm caves next to the lodge or dive at the Poor Knights and get a discount on your room when you book with us. Short driving distance to Shops Cafes, movie theatre. Well travelled and friendly hosts Jon & Junko.', 'mb', '0', 'house2.jpg', 'falls2.jpg', 'mania2.jpg', 'caves2.jpg');

-- --------------------------------------------------------

--
-- Table structure for table `tbl_products`
--

CREATE TABLE `tbl_products` (
  `product_id` mediumint(3) NOT NULL,
  `artist` varchar(99) COLLATE latin1_general_ci NOT NULL,
  `title` varchar(99) COLLATE latin1_general_ci NOT NULL,
  `year` int(4) NOT NULL,
  `label` varchar(99) COLLATE latin1_general_ci NOT NULL,
  `price` varchar(9) COLLATE latin1_general_ci NOT NULL,
  `image` varchar(99) COLLATE latin1_general_ci NOT NULL
) ENGINE=MyISAM AUTO_INCREMENT=31 DEFAULT CHARSET=latin1 COLLATE=latin1_general_ci PACK_KEYS=1;

--
-- Dumping data for table `tbl_products`
--

INSERT INTO `tbl_products` (`product_id`, `artist`, `title`, `year`, `label`, `price`, `image`) VALUES
(1, 'Arctic Monkeys', 'Whatever People Say I Am, That''s What I''m Not', 2006, 'Domino', '34.99', 'arcwha.jpg'),
(2, 'Beastie Boys', 'Licensed To Ill', 1986, 'Def Jam', '24.99', 'bealic.jpg'),
(3, 'Ben Folds Five', 'Whatever And Ever Amen', 1997, 'Sony', '19.99', 'benwha.jpg'),
(4, 'Cardigans, The', 'Life', 1995, 'Trampolene', '24.99', 'carlif.jpg'),
(5, 'Charlatans, The', 'Wonderland', 2001, 'Universal MCA', '22.99', 'chawon.jpg'),
(7, 'Doors, The', 'Waiting For The Sun', 1968, 'Elektra/Asylum', '19.99', 'doowai.jpg'),
(8, 'Faith No More', 'Ricochet', 1995, 'Slash', '5.99', 'fairic.jpg'),
(9, 'Firehose', 'Blaze', 1993, 'Sony', '2.99', 'firbla.jpg'),
(10, 'Fishbone', 'Truth And Soul', 1988, 'CBS ', '24.99', 'fistru.jpg'),
(11, 'Franz Ferdinand', 'Take Me Out', 2004, 'Domino', '5.99', 'fratak.jpg'),
(12, 'Garbage', 'When I Grow Up', 1999, 'Mushroom', '3.99', 'garwhe.jpg'),
(14, 'Jamiroquai', 'Travelling Without Moving', 1996, 'Sony', '19.99', 'jamtra.jpg'),
(15, 'Jones, Norah', 'Sunrise', 2004, 'Capitol', '3.99', 'jonsun.jpg'),
(16, 'Led Zeppelin', 'Houses Of The Holy', 1973, 'Atlantic', '24.99', 'ledhou.jpg'),
(17, 'Led Zeppelin', 'In Through The Out Door', 1979, 'Atlantic', '24.99', 'ledint.jpg'),
(18, 'Manic Street Preachers', 'The Holy Bible', 1994, 'Sony', '19.99', 'manthe.jpg'),
(19, 'Marley, Bob', 'Exodus', 1977, 'Island', '22.99', 'marexo.jpg'),
(20, 'Mr Bungle', 'California', 1999, 'Slash', '29.99', 'mrbcal.jpg'),
(21, 'Oasis', '(What''s The Story) Morning Glory?', 1995, 'Sony', '19.99', 'oaswha.jpg'),
(22, 'Porno For Pyros', 'Good God''s Urge', 1996, 'Warner Bros', '19.99', 'porgoo.jpg'),
(23, 'Quick And The Dead', 'Destroy The Obstacle', 2006, 'Cosmic', '14.99', 'quides.jpg'),
(24, 'Radiohead', 'Ok Computer', 1997, 'EMI', '24.99', 'radokc.jpg'),
(25, 'Regurgitator', 'Unit', 1997, 'Warner', '19.99', 'reguni.jpg'),
(26, 'Rolling Stones', 'Rewind', 1984, 'CBS', '17.99', 'rolrew.jpg'),
(27, 'Stereophonics', 'Madame Helga', 2003, 'V2', '4.99', 'stemad.jpg'),
(28, 'Supergrass', 'In It For The Money', 1997, 'EMI', '22.99', 'supini.jpg'),
(29, 'Velvet Underground', 'The Best Of Velvet Underground', 1989, 'Polygram', '17.99', 'velthe.jpg'),
(30, 'Wonder, Stevie', 'Music Of My Mind', 1972, 'Universal/Motown', '19.99', 'wonmus.jpg');

-- --------------------------------------------------------

--
-- Table structure for table `tbl_regions`
--

CREATE TABLE `tbl_regions` (
  `region_id` tinyint(2) NOT NULL,
  `region_name` varchar(30) COLLATE latin1_general_ci NOT NULL
) ENGINE=MyISAM AUTO_INCREMENT=16 DEFAULT CHARSET=latin1 COLLATE=latin1_general_ci;

--
-- Dumping data for table `tbl_regions`
--

INSERT INTO `tbl_regions` (`region_id`, `region_name`) VALUES
(1, 'Auckland'),
(2, 'Bay Of Plenty'),
(3, 'Gisborne'),
(4, 'Hawkes Bay'),
(5, 'Manawatu/Wanganui'),
(6, 'Northland'),
(7, 'Taranaki'),
(8, 'Waikato'),
(9, 'Wellington/Wairarapa'),
(10, 'Canterbury'),
(11, 'Marlborough'),
(12, 'Nelson/Tasman'),
(13, 'Otago'),
(14, 'Southland'),
(15, 'West Coast');

-- --------------------------------------------------------

--
-- Table structure for table `tbl_rooms`
--

CREATE TABLE `tbl_rooms` (
  `host_id` int(7) NOT NULL,
  `type` varchar(33) COLLATE latin1_general_ci NOT NULL,
  `cost` varchar(33) COLLATE latin1_general_ci NOT NULL,
  `roomDesc` varchar(999) COLLATE latin1_general_ci DEFAULT NULL,
  `pic` varchar(99) COLLATE latin1_general_ci DEFAULT NULL,
  `ensuite` varchar(3) COLLATE latin1_general_ci NOT NULL,
  `radio` varchar(3) COLLATE latin1_general_ci NOT NULL,
  `tv` varchar(3) COLLATE latin1_general_ci NOT NULL,
  `fridge` varchar(3) COLLATE latin1_general_ci NOT NULL,
  `tea` varchar(3) COLLATE latin1_general_ci NOT NULL,
  `heater` varchar(3) COLLATE latin1_general_ci NOT NULL,
  `oven` varchar(3) COLLATE latin1_general_ci NOT NULL,
  `phone` varchar(3) COLLATE latin1_general_ci NOT NULL,
  `hair` varchar(3) COLLATE latin1_general_ci NOT NULL
) ENGINE=MyISAM DEFAULT CHARSET=latin1 COLLATE=latin1_general_ci;

--
-- Dumping data for table `tbl_rooms`
--

INSERT INTO `tbl_rooms` (`host_id`, `type`, `cost`, `roomDesc`, `pic`, `ensuite`, `radio`, `tv`, `fridge`, `tea`, `heater`, `oven`, `phone`, `hair`) VALUES
(58, 'Triple', '$78', '', '', '', '', 'on', 'on', '', 'on', '', '', ''),
(57, 'Room 1', '$70 - $90', '', '', '', '', 'on', '', 'on', '', '', '', 'on'),
(61, '1 Bedroom', '$115', '', '', 'on', 'on', 'on', 'on', 'on', 'on', 'on', 'on', 'on'),
(59, 'Chalet', '$210 for 2, $240 for 3', '', 'chalet-boudoir-lights_small.jpg', 'on', 'on', 'on', 'on', 'on', 'on', 'on', 'on', 'on'),
(62, 'Fd', 'dfdf', 'dfdfdfdsf', 'mona.jpg', '', '', 'on', '', '', '', '', '', ''),
(62, 'Fd', 'dfdf', 'dfdfdfdsf', 'mona.jpg', '', '', 'on', '', '', '', '', '', ''),
(61, '2 Bedroom', '$140', '', '', 'on', 'on', 'on', 'on', 'on', 'on', 'on', 'on', 'on'),
(61, 'Studio', '$95', '', '', 'on', 'on', 'on', 'on', 'on', 'on', 'on', 'on', 'on'),
(52, 'Single', '$35', '', '', '', '', '', '', '', '', '', '', ''),
(52, 'Double', '$30', '', '', '', '', '', '', '', '', '', '', ''),
(52, 'Cabin With Queen Size Bed', '$30', '', 'cabin.jpg', '', '', '', '', '', '', '', '', ''),
(60, 'Twin', '400', 'room n stuff', 'dinner.jpg', '', 'on', 'on', '', '', 'on', '', '', 'on'),
(55, ' Single  (Queen Bed)', '$42', '', NULL, '', '', '', '', '', '', '', '', ''),
(55, 'Double (Queen Bed)', '$27', '', 'room5.jpg', '', '', '', '', '', '', '', '', ''),
(55, 'Superior Single  (Queen Bed)', '$48', '', NULL, '', '', '', '', '', '', '', '', ''),
(55, 'Twin', '$27', '', NULL, '', '', '', '', '', '', '', '', ''),
(55, 'Triple (3 Single Beds)', '$25', '', NULL, '', '', '', '', '', '', '', '', ''),
(55, ' Share (3 Single Beds)', '$25', '', NULL, '', '', '', '', '', '', '', '', ''),
(56, 'The Green Room', '$200 for 2', '', 'greenbedview1.jpg', 'on', 'on', 'on', '', 'on', '', '', '', 'on'),
(56, 'The White Room', '$120', '', 'white-room.jpg', 'on', '', 'on', '', 'on', '', '', '', 'on'),
(56, 'Self-contained apartment', '--', 'The Self - contained Apartment is something special  (read reports in Guestbook) Just ideal for the travelling family, or if you want a private accommodation with wonderful views, garden and private patio', 'apartlounge.jpg', 'on', 'on', 'on', 'on', 'on', '', 'on', '', 'on'),
(57, 'Room 2', '$70 - $90', '', '', '', '', 'on', '', 'on', '', '', '', 'on'),
(58, 'King Twin With 3rd Bed', '$60 - $65', '', '', 'on', '', '', '', '', 'on', '', '', ''),
(58, 'King/Twin', '$60 - $65', '', '', 'on', '', '', '', '', 'on', '', '', ''),
(58, 'Double', '--', 'Shared facilities', 'IMG_0007.JPG', '', '', '', '', '', 'on', '', '', ''),
(58, 'Single', '--', '', '', '', '', '', '', '', 'on', '', '', ''),
(62, 'Rtrtt', '24', 'trtr', 'backYard.jpg', '', 'on', '', '', '', 'on', '', '', ''),
(62, 'Fd', 'dfdf', 'dfdfdfdsf', 'mona.jpg', '', '', 'on', '', '', '', '', '', ''),
(62, 'Fd', 'dfdf', 'dfdfdfdsf', 'mona.jpg', '', '', 'on', '', '', '', '', '', ''),
(62, 'Fd', 'dfdf', 'dfdfdfdsf', 'mona.jpg', '', '', 'on', '', '', '', '', '', ''),
(62, 'Fd', 'dfdf', 'dfdfdfdsf', 'mona.jpg', '', '', 'on', '', '', '', '', '', '');

--
-- Indexes for dumped tables
--

--
-- Indexes for table `artists_tbl`
--
ALTER TABLE `artists_tbl`
  ADD PRIMARY KEY (`id`),
  ADD KEY `artist` (`artist`),
  ADD KEY `visible` (`visible`);

--
-- Indexes for table `art_tbl`
--
ALTER TABLE `art_tbl`
  ADD PRIMARY KEY (`id`),
  ADD KEY `memberId` (`memId`),
  ADD KEY `artType` (`file`),
  ADD KEY `visible` (`visible`);

--
-- Indexes for table `lastlogged_tbl`
--
ALTER TABLE `lastlogged_tbl`
  ADD PRIMARY KEY (`id`),
  ADD UNIQUE KEY `user` (`user`);

--
-- Indexes for table `members_tbl`
--
ALTER TABLE `members_tbl`
  ADD PRIMARY KEY (`id`),
  ADD UNIQUE KEY `email` (`email`),
  ADD KEY `whenJoined` (`whenJoined`);

--
-- Indexes for table `newmember_tbl`
--
ALTER TABLE `newmember_tbl`
  ADD PRIMARY KEY (`id`),
  ADD UNIQUE KEY `email` (`email`),
  ADD KEY `key` (`loginkey`,`email`);

--
-- Indexes for table `questions_tbl`
--
ALTER TABLE `questions_tbl`
  ADD PRIMARY KEY (`id`);

--
-- Indexes for table `songs_tbl`
--
ALTER TABLE `songs_tbl`
  ADD PRIMARY KEY (`id`),
  ADD KEY `artist` (`artistId`,`title`),
  ADD KEY `visible` (`visible`);

--
-- Indexes for table `tbl_countries`
--
ALTER TABLE `tbl_countries`
  ADD PRIMARY KEY (`c_id`);

--
-- Indexes for table `tbl_facilities`
--
ALTER TABLE `tbl_facilities`
  ADD PRIMARY KEY (`host_id`),
  ADD KEY `f1` (`laundry`,`kitchen`,`internet`,`games`,`restaurant`,`bar`,`spaPool`,`swimPool`,`skyTV`);

--
-- Indexes for table `tbl_hits`
--
ALTER TABLE `tbl_hits`
  ADD PRIMARY KEY (`id`),
  ADD KEY `host_id` (`host_id`,`browser`);

--
-- Indexes for table `tbl_host_contact`
--
ALTER TABLE `tbl_host_contact`
  ADD PRIMARY KEY (`host_id`),
  ADD UNIQUE KEY `email` (`email`);

--
-- Indexes for table `tbl_host_info`
--
ALTER TABLE `tbl_host_info`
  ADD PRIMARY KEY (`host_id`),
  ADD UNIQUE KEY `host_name` (`host_name`),
  ADD KEY `region` (`region`,`town`,`host_name`,`storage`,`road`);

--
-- Indexes for table `tbl_products`
--
ALTER TABLE `tbl_products`
  ADD PRIMARY KEY (`product_id`),
  ADD KEY `artist` (`artist`,`title`);

--
-- Indexes for table `tbl_regions`
--
ALTER TABLE `tbl_regions`
  ADD PRIMARY KEY (`region_id`);

--
-- Indexes for table `tbl_rooms`
--
ALTER TABLE `tbl_rooms`
  ADD KEY `type` (`type`,`cost`,`ensuite`,`radio`,`tv`,`fridge`,`tea`,`heater`,`oven`,`phone`,`hair`),
  ADD KEY `host_id` (`host_id`),
  ADD KEY `description` (`roomDesc`);

--
-- AUTO_INCREMENT for dumped tables
--

--
-- AUTO_INCREMENT for table `artists_tbl`
--
ALTER TABLE `artists_tbl`
  MODIFY `id` int(11) NOT NULL AUTO_INCREMENT,AUTO_INCREMENT=20;
--
-- AUTO_INCREMENT for table `art_tbl`
--
ALTER TABLE `art_tbl`
  MODIFY `id` int(11) NOT NULL AUTO_INCREMENT,AUTO_INCREMENT=89;
--
-- AUTO_INCREMENT for table `lastlogged_tbl`
--
ALTER TABLE `lastlogged_tbl`
  MODIFY `id` int(11) NOT NULL AUTO_INCREMENT,AUTO_INCREMENT=19;
--
-- AUTO_INCREMENT for table `members_tbl`
--
ALTER TABLE `members_tbl`
  MODIFY `id` int(11) NOT NULL AUTO_INCREMENT,AUTO_INCREMENT=35;
--
-- AUTO_INCREMENT for table `newmember_tbl`
--
ALTER TABLE `newmember_tbl`
  MODIFY `id` int(11) NOT NULL AUTO_INCREMENT,AUTO_INCREMENT=5;
--
-- AUTO_INCREMENT for table `questions_tbl`
--
ALTER TABLE `questions_tbl`
  MODIFY `id` int(11) NOT NULL AUTO_INCREMENT,AUTO_INCREMENT=6;
--
-- AUTO_INCREMENT for table `songs_tbl`
--
ALTER TABLE `songs_tbl`
  MODIFY `id` int(11) NOT NULL AUTO_INCREMENT,AUTO_INCREMENT=65;
--
-- AUTO_INCREMENT for table `tbl_countries`
--
ALTER TABLE `tbl_countries`
  MODIFY `c_id` int(11) NOT NULL AUTO_INCREMENT,AUTO_INCREMENT=133;
--
-- AUTO_INCREMENT for table `tbl_hits`
--
ALTER TABLE `tbl_hits`
  MODIFY `id` int(11) NOT NULL AUTO_INCREMENT,AUTO_INCREMENT=72;
--
-- AUTO_INCREMENT for table `tbl_host_contact`
--
ALTER TABLE `tbl_host_contact`
  MODIFY `host_id` int(7) NOT NULL AUTO_INCREMENT,AUTO_INCREMENT=63;
--
-- AUTO_INCREMENT for table `tbl_products`
--
ALTER TABLE `tbl_products`
  MODIFY `product_id` mediumint(3) NOT NULL AUTO_INCREMENT,AUTO_INCREMENT=31;
--
-- AUTO_INCREMENT for table `tbl_regions`
--
ALTER TABLE `tbl_regions`
  MODIFY `region_id` tinyint(2) NOT NULL AUTO_INCREMENT,AUTO_INCREMENT=16;
/*!40101 SET CHARACTER_SET_CLIENT=@OLD_CHARACTER_SET_CLIENT */;
/*!40101 SET CHARACTER_SET_RESULTS=@OLD_CHARACTER_SET_RESULTS */;
/*!40101 SET COLLATION_CONNECTION=@OLD_COLLATION_CONNECTION */;
